suite,mode,fault,seed,param,human_delay_s,detected,mttd_s,action_s,incident_status,exceeded,recovered,mttr_s,exposure,thermal_kmin,alerts,wrong_actions,false_remediations,commands,incidents,dropped,observed_s,runtime_s,error
e1,M1,crah_fan_failure,1002,,1303.8,True,30.0,1334.0,notified,True,True,1400.0,1610.246,1610.246,1,0,,,1,0,2700.0,11.1,
e1,M1,crah_fan_failure,1005,,416.4,True,30.0,447.0,notified,True,True,520.0,432.602,432.602,1,0,,,1,0,2700.0,12.6,
e1,M1,crah_fan_failure,1003,,824.2,True,30.0,855.0,notified,True,True,920.0,920.34,920.34,1,0,,,1,0,2700.0,14.7,
e1,M1,crah_fan_failure,1001,,107.9,True,30.0,138.0,notified,True,True,200.0,85.694,85.694,1,0,,,1,0,2700.0,14.7,
e1,M1,crah_fan_failure,1007,,768.9,True,30.0,799.0,notified,True,True,820.0,666.805,666.805,1,0,,,1,0,2700.0,14.8,
e1,M1,crah_fan_failure,1006,,506.6,True,30.0,537.0,notified,True,True,610.0,499.063,499.063,1,0,,,1,0,2700.0,14.8,
e1,M1,crah_fan_failure,1004,,836.1,True,30.0,867.0,notified,True,True,930.0,848.523,848.523,1,0,,,1,0,2700.0,14.8,
e1,M1,crah_fan_failure,1009,,1045.3,True,30.0,1076.0,notified,True,True,1150.0,1278.783,1278.783,1,0,,,1,0,2700.0,9.9,
e1,M1,crah_fan_failure,1008,,139.8,True,30.0,170.0,notified,True,True,200.0,124.266,124.266,1,0,,,1,0,2700.0,14.5,
e1,M1,crah_fan_failure,1011,,216.8,True,30.0,247.0,notified,True,True,260.0,146.029,146.029,1,0,,,1,0,2700.0,14.4,
e1,M1,crah_fan_failure,1013,,935.1,True,30.0,966.0,notified,True,True,1040.0,1031.269,1031.269,1,0,,,1,0,2700.0,14.4,
e1,M1,crah_fan_failure,1010,,650.2,True,30.0,681.0,notified,True,True,700.0,616.333,616.333,1,0,,,1,0,2700.0,14.5,
e1,M1,crah_fan_failure,1012,,405.5,True,30.0,436.0,notified,True,True,510.0,418.373,418.373,1,0,,,1,0,2700.0,14.6,
e1,M1,crah_fan_failure,1014,,635.8,True,30.0,666.0,notified,True,True,740.0,654.047,654.047,1,0,,,1,0,2700.0,14.6,
e1,M1,crah_fan_failure,1015,,522.3,True,30.0,553.0,notified,True,True,620.0,521.858,521.858,1,0,,,1,0,2700.0,11.0,
e1,M1,crah_fan_failure,1016,,582.3,True,30.0,613.0,notified,True,True,680.0,650.275,650.275,1,0,,,1,0,2700.0,14.6,
e1,M1,crah_fan_failure,1020,,619.1,True,30.0,650.0,notified,True,True,720.0,700.254,700.254,1,0,,,1,0,2700.0,12.4,
e1,M1,crah_fan_failure,1017,,570.2,True,30.0,601.0,notified,True,True,670.0,632.366,632.366,1,0,,,1,0,2700.0,12.9,
e1,M1,crah_fan_failure,1018,,550.8,True,30.0,581.0,notified,True,True,650.0,473.692,473.692,1,0,,,1,0,2700.0,14.6,
e1,M1,crah_fan_failure,1019,,988.2,True,30.0,1019.0,notified,True,True,1080.0,1209.882,1209.882,1,0,,,1,0,2700.0,14.6,
e1,M2,crah_fan_failure,1001,,107.9,True,30.0,30.0,mitigated,True,True,50.0,16.339,16.339,1,0,,,1,0,2700.0,16.1,
e1,M2,crah_fan_failure,1002,,1303.8,True,30.0,30.0,mitigated,True,True,60.0,16.952,16.952,1,0,,,1,0,2700.0,13.8,
e1,M2,crah_fan_failure,1003,,824.2,True,30.0,30.0,mitigated,True,True,100.0,19.638,19.638,1,0,,,1,0,2700.0,13.1,
e1,M2,crah_fan_failure,1004,,836.1,True,30.0,30.0,mitigated,True,True,50.0,14.668,14.668,1,0,,,1,0,2700.0,14.6,
e1,M2,crah_fan_failure,1007,,768.9,True,30.0,30.0,mitigated,True,True,60.0,16.415,16.415,1,0,,,1,0,2700.0,13.7,
e1,M2,crah_fan_failure,1005,,416.4,True,30.0,30.0,mitigated,True,True,100.0,20.883,20.883,1,0,,,1,0,2700.0,16.1,
e1,M2,crah_fan_failure,1006,,506.6,True,30.0,30.0,mitigated,True,True,100.0,16.973,16.973,1,0,,,1,0,2700.0,15.3,
e1,M2,crah_fan_failure,1008,,139.8,True,30.0,30.0,mitigated,True,True,60.0,19.621,19.621,1,0,,,1,0,2700.0,16.0,
e1,M2,crah_fan_failure,1009,,1045.3,True,30.0,30.0,mitigated,True,True,50.0,16.355,16.355,1,0,,,1,0,2700.0,15.9,
e1,M2,crah_fan_failure,1010,,650.2,True,30.0,30.0,mitigated,True,True,50.0,16.272,16.272,1,0,,,1,0,2700.0,13.4,
e1,M2,crah_fan_failure,1013,,935.1,True,30.0,30.0,mitigated,True,True,100.0,21.478,21.478,1,0,,,1,0,2700.0,11.8,
e1,M2,crah_fan_failure,1011,,216.8,True,30.0,30.0,mitigated,True,True,50.0,14.069,14.069,1,0,,,1,0,2700.0,15.9,
e1,M2,crah_fan_failure,1012,,405.5,True,30.0,30.0,mitigated,True,True,100.0,22.684,22.684,1,0,,,1,0,2700.0,15.9,
e1,M2,crah_fan_failure,1014,,635.8,True,30.0,30.0,mitigated,True,True,50.0,16.414,16.414,1,0,,,1,0,2700.0,14.9,
e1,M2,crah_fan_failure,1015,,522.3,True,30.0,30.0,mitigated,True,True,50.0,16.55,16.55,1,0,,,1,0,2700.0,15.9,
e1,M2,crah_fan_failure,1016,,582.3,True,30.0,30.0,mitigated,True,True,60.0,18.661,18.661,1,0,,,1,0,2700.0,15.0,
e1,M2,crah_fan_failure,1018,,550.8,True,30.0,30.0,mitigated,True,True,50.0,12.782,12.782,1,0,,,1,0,2700.0,12.2,
e1,M2,crah_fan_failure,1017,,570.2,True,30.0,30.0,mitigated,True,True,100.0,18.701,18.701,1,0,,,1,0,2700.0,16.1,
e1,M2,crah_fan_failure,1019,,988.2,True,30.0,30.0,mitigated,True,True,60.0,18.48,18.48,1,0,,,1,0,2700.0,13.4,
e1,M2,crah_fan_failure,1020,,619.1,True,30.0,30.0,mitigated,True,True,100.0,20.892,20.892,1,0,,,1,0,2700.0,16.0,
e1,M3,crah_fan_failure,1001,,107.9,True,30.0,30.0,mitigated,True,True,50.0,16.339,16.339,1,0,,,1,0,2700.0,20.9,
e1,M3,crah_fan_failure,1002,,1303.8,True,30.0,30.0,mitigated,True,True,60.0,16.952,16.952,1,0,,,1,0,2700.0,20.9,
e1,M3,crah_fan_failure,1004,,836.1,True,30.0,30.0,mitigated,True,True,50.0,14.668,14.668,1,0,,,1,0,2700.0,16.7,
e1,M3,crah_fan_failure,1003,,824.2,True,30.0,30.0,mitigated,True,True,100.0,19.638,19.638,1,0,,,1,0,2700.0,20.9,
e1,M3,crah_fan_failure,1006,,506.6,True,30.0,30.0,mitigated,True,True,100.0,16.973,16.973,1,0,,,1,0,2700.0,16.0,
e1,M3,crah_fan_failure,1005,,416.4,True,30.0,30.0,mitigated,True,True,100.0,20.883,20.883,1,0,,,1,0,2700.0,20.1,
e1,M3,crah_fan_failure,1007,,768.9,True,30.0,30.0,mitigated,True,True,60.0,16.415,16.415,1,0,,,1,0,2700.0,20.4,
e1,M3,crah_fan_failure,1008,,139.8,True,30.0,30.0,mitigated,True,True,60.0,19.621,19.621,1,0,,,1,0,2700.0,20.8,
e1,M3,crah_fan_failure,1010,,650.2,True,30.0,30.0,mitigated,True,True,50.0,16.272,16.272,2,0,,,2,0,2700.0,17.8,
e1,M3,crah_fan_failure,1009,,1045.3,True,30.0,30.0,mitigated,True,True,50.0,16.355,16.355,1,0,,,1,0,2700.0,20.8,
e1,M3,crah_fan_failure,1011,,216.8,True,30.0,30.0,mitigated,True,True,50.0,14.069,14.069,1,0,,,1,0,2700.0,21.1,
e1,M3,crah_fan_failure,1013,,935.1,True,30.0,30.0,mitigated,True,True,100.0,21.478,21.478,1,0,,,1,0,2700.0,18.6,
e1,M3,crah_fan_failure,1012,,405.5,True,30.0,30.0,mitigated,True,True,100.0,22.684,22.684,1,0,,,1,0,2700.0,20.0,
e1,M3,crah_fan_failure,1014,,635.8,True,30.0,30.0,mitigated,True,True,50.0,16.414,16.414,1,0,,,1,0,2700.0,13.1,
e1,M3,crah_fan_failure,1016,,582.3,True,30.0,30.0,mitigated,True,True,60.0,18.661,18.661,1,0,,,1,0,2700.0,16.9,
e1,M3,crah_fan_failure,1015,,522.3,True,30.0,30.0,mitigated,True,True,50.0,16.55,16.55,1,0,,,1,0,2700.0,19.8,
e1,M1,sensor_stuck,1001,,107.9,False,,,missed,False,True,0.0,0.0,0.0,0,0,,,0,0,2700.0,12.9,
e1,M3,crah_fan_failure,1017,,570.2,True,30.0,30.0,mitigated,True,True,100.0,18.701,18.701,1,0,,,1,0,2700.0,21.2,
e1,M3,crah_fan_failure,1018,,550.8,True,30.0,30.0,mitigated,True,True,50.0,12.782,12.782,1,0,,,1,0,2700.0,20.7,
e1,M3,crah_fan_failure,1019,,988.2,True,30.0,30.0,mitigated,True,True,60.0,18.48,18.48,1,0,,,1,0,2700.0,20.7,
e1,M3,crah_fan_failure,1020,,619.1,True,30.0,30.0,mitigated,True,True,100.0,20.892,20.892,1,0,,,1,0,2700.0,20.6,
e1,M1,sensor_stuck,1003,,824.2,False,,,missed,False,True,0.0,0.0,0.0,0,0,,,0,0,2700.0,9.5,
e1,M1,sensor_stuck,1002,,1303.8,False,,,missed,False,True,0.0,0.0,0.0,0,0,,,0,0,2700.0,14.3,
e1,M1,sensor_stuck,1004,,836.1,False,,,missed,False,True,0.0,0.0,0.0,0,0,,,0,0,2700.0,14.6,
e1,M1,sensor_stuck,1005,,416.4,False,,,missed,False,True,0.0,0.0,0.0,0,0,,,0,0,2700.0,12.9,
e1,M1,sensor_stuck,1007,,768.9,False,,,missed,False,True,0.0,0.0,0.0,0,0,,,0,0,2700.0,11.7,
e1,M1,sensor_stuck,1006,,506.6,False,,,missed,False,True,0.0,0.0,0.0,0,0,,,0,0,2700.0,14.5,
e1,M1,sensor_stuck,1008,,139.8,False,,,missed,False,True,0.0,0.0,0.0,0,0,,,0,0,2700.0,14.5,
e1,M1,sensor_stuck,1009,,1045.3,False,,,missed,False,True,0.0,0.0,0.0,0,0,,,0,0,2700.0,14.5,
e1,M1,sensor_stuck,1010,,650.2,False,,,missed,False,True,0.0,0.0,0.0,0,0,,,0,0,2700.0,14.4,
e1,M1,sensor_stuck,1011,,216.8,False,,,missed,False,True,0.0,0.0,0.0,0,0,,,0,0,2700.0,12.2,
e1,M1,sensor_stuck,1013,,935.1,False,,,missed,False,True,0.0,0.0,0.0,0,0,,,0,0,2700.0,12.0,
e1,M1,sensor_stuck,1012,,405.5,False,,,missed,False,True,0.0,0.0,0.0,0,0,,,0,0,2700.0,14.3,
e1,M1,sensor_stuck,1014,,635.8,False,,,missed,False,True,0.0,0.0,0.0,0,0,,,0,0,2700.0,14.3,
e1,M1,sensor_stuck,1015,,522.3,False,,,missed,False,True,0.0,0.0,0.0,0,0,,,0,0,2700.0,13.2,
e1,M1,sensor_stuck,1018,,550.8,False,,,missed,False,True,0.0,0.0,0.0,0,0,,,0,0,2700.0,10.7,
e1,M1,sensor_stuck,1016,,582.3,False,,,missed,False,True,0.0,0.0,0.0,0,0,,,0,0,2700.0,14.2,
e1,M1,sensor_stuck,1017,,570.2,False,,,missed,False,True,0.0,0.0,0.0,0,0,,,0,0,2700.0,13.6,
e1,M1,sensor_stuck,1019,,988.2,False,,,missed,False,True,0.0,0.0,0.0,0,0,,,0,0,2700.0,14.4,
e1,M1,sensor_stuck,1020,,619.1,False,,,missed,False,True,0.0,0.0,0.0,0,0,,,0,0,2700.0,14.4,
e1,M2,sensor_stuck,1003,,824.2,False,,,missed,False,True,0.0,0.0,0.0,0,0,,,0,0,2700.0,9.6,
e1,M2,sensor_stuck,1001,,107.9,False,,,missed,False,True,0.0,0.0,0.0,0,0,,,0,0,2700.0,14.3,
e1,M2,sensor_stuck,1002,,1303.8,False,,,missed,False,True,0.0,0.0,0.0,0,0,,,0,0,2700.0,14.3,
e1,M2,sensor_stuck,1004,,836.1,False,,,missed,False,True,0.0,0.0,0.0,0,0,,,0,0,2700.0,14.4,
e1,M2,sensor_stuck,1005,,416.4,False,,,missed,False,True,0.0,0.0,0.0,0,0,,,0,0,2700.0,14.3,
e1,M2,sensor_stuck,1008,,139.8,False,,,missed,False,True,0.0,0.0,0.0,0,0,,,0,0,2700.0,9.5,
e1,M2,sensor_stuck,1006,,506.6,False,,,missed,False,True,0.0,0.0,0.0,0,0,,,0,0,2700.0,14.4,
e1,M2,sensor_stuck,1007,,768.9,False,,,missed,False,True,0.0,0.0,0.0,0,0,,,0,0,2700.0,14.2,
e1,M2,sensor_stuck,1009,,1045.3,False,,,missed,False,True,0.0,0.0,0.0,0,0,,,0,0,2700.0,14.0,
e1,M2,sensor_stuck,1010,,650.2,False,,,missed,False,True,0.0,0.0,0.0,0,0,,,0,0,2700.0,14.0,
e1,M2,sensor_stuck,1012,,405.5,False,,,missed,False,True,0.0,0.0,0.0,0,0,,,0,0,2700.0,12.4,
e1,M2,sensor_stuck,1011,,216.8,False,,,missed,False,True,0.0,0.0,0.0,0,0,,,0,0,2700.0,14.4,
e1,M2,sensor_stuck,1013,,935.1,False,,,missed,False,True,0.0,0.0,0.0,0,0,,,0,0,2700.0,11.2,
e1,M2,sensor_stuck,1014,,635.8,False,,,missed,False,True,0.0,0.0,0.0,0,0,,,0,0,2700.0,13.3,
e1,M2,sensor_stuck,1015,,522.3,False,,,missed,False,True,0.0,0.0,0.0,0,0,,,0,0,2700.0,14.4,
e1,M2,sensor_stuck,1016,,582.3,False,,,missed,False,True,0.0,0.0,0.0,0,0,,,0,0,2700.0,14.5,
e1,M2,sensor_stuck,1017,,570.2,False,,,missed,False,True,0.0,0.0,0.0,0,0,,,0,0,2700.0,14.4,
e1,M2,sensor_stuck,1018,,550.8,False,,,missed,False,True,0.0,0.0,0.0,0,0,,,0,0,2700.0,10.5,
e1,M2,sensor_stuck,1019,,988.2,False,,,missed,False,True,0.0,0.0,0.0,0,0,,,0,0,2700.0,14.4,
e1,M2,sensor_stuck,1020,,619.1,False,,,missed,False,True,0.0,0.0,0.0,0,0,,,0,0,2700.0,14.6,
e1,M3,sensor_stuck,1001,,107.9,True,60.0,60.0,mitigated,False,True,0.0,0.0,0.0,1,0,,,1,0,2700.0,14.5,
e1,M3,sensor_stuck,1002,,1303.8,True,60.0,60.0,mitigated,False,True,0.0,0.0,0.0,1,0,,,1,0,2700.0,19.6,
e1,M3,sensor_stuck,1005,,416.4,True,70.0,70.0,mitigated,False,True,0.0,0.0,0.0,1,0,,,1,0,2700.0,18.7,
e1,M3,sensor_stuck,1003,,824.2,True,70.0,70.0,mitigated,False,True,0.0,0.0,0.0,1,0,,,1,0,2700.0,19.5,
e1,M3,sensor_stuck,1004,,836.1,True,70.0,70.0,mitigated,False,True,0.0,0.0,0.0,1,0,,,1,0,2700.0,19.7,
e1,M3,sensor_stuck,1006,,506.6,True,70.0,70.0,mitigated,False,True,0.0,0.0,0.0,1,0,,,1,0,2700.0,16.2,
e1,M3,sensor_stuck,1007,,768.9,True,70.0,70.0,mitigated,False,True,0.0,0.0,0.0,1,0,,,1,0,2700.0,19.9,
e1,M3,sensor_stuck,1008,,139.8,True,70.0,70.0,mitigated,False,True,0.0,0.0,0.0,1,0,,,1,0,2700.0,18.8,
e1,M3,sensor_stuck,1009,,1045.3,True,70.0,70.0,mitigated,False,True,0.0,0.0,0.0,1,0,,,1,0,2700.0,14.8,
e1,M3,sensor_stuck,1010,,650.2,True,70.0,70.0,mitigated,False,True,0.0,0.0,0.0,2,0,,,2,0,2700.0,15.5,
e1,M3,sensor_stuck,1011,,216.8,True,70.0,70.0,mitigated,False,True,0.0,0.0,0.0,1,0,,,1,0,2700.0,19.8,
e1,M3,sensor_stuck,1012,,405.5,True,70.0,70.0,mitigated,False,True,0.0,0.0,0.0,1,0,,,1,0,2700.0,19.4,
e1,M3,sensor_stuck,1013,,935.1,True,70.0,70.0,mitigated,False,True,0.0,0.0,0.0,1,0,,,1,0,2700.0,19.9,
e1,M3,sensor_stuck,1015,,522.3,True,70.0,70.0,mitigated,False,True,0.0,0.0,0.0,1,0,,,1,0,2700.0,15.7,
e1,M3,sensor_stuck,1014,,635.8,True,70.0,70.0,mitigated,False,True,0.0,0.0,0.0,1,0,,,1,0,2700.0,19.8,
e1,M3,sensor_stuck,1016,,582.3,True,60.0,60.0,mitigated,False,True,0.0,0.0,0.0,1,0,,,1,0,2700.0,16.0,
e1,M3,sensor_stuck,1017,,570.2,True,70.0,70.0,mitigated,False,True,0.0,0.0,0.0,1,0,,,1,0,2700.0,19.7,
e1,M3,sensor_stuck,1018,,550.8,True,70.0,70.0,mitigated,False,True,0.0,0.0,0.0,1,0,,,1,0,2700.0,19.4,
e1,M3,sensor_stuck,1019,,988.2,True,70.0,70.0,mitigated,False,True,0.0,0.0,0.0,1,0,,,1,0,2700.0,19.6,
e1,M1,sensor_drift,1003,,824.2,True,800.0,1625.0,notified,True,True,1630.0,157.07,0.0,1,0,,,1,0,2700.0,10.7,
e1,M1,sensor_drift,1002,,1303.8,True,790.0,2094.0,notified,True,True,2100.0,264.742,0.0,1,0,,,1,0,2700.0,13.6,
e1,M1,sensor_drift,1001,,107.9,True,810.0,918.0,notified,True,True,920.0,43.795,0.0,1,0,,,1,0,2700.0,14.8,
e1,M3,sensor_stuck,1020,,619.1,True,70.0,70.0,mitigated,False,True,0.0,0.0,0.0,1,0,,,1,0,2700.0,19.7,
e1,M1,sensor_drift,1004,,836.1,True,790.0,1627.0,notified,True,True,1630.0,157.384,0.0,1,0,,,1,0,2700.0,14.7,
e1,M1,sensor_drift,1008,,139.8,True,790.0,930.0,notified,True,True,930.0,44.907,0.0,1,0,,,1,0,2700.0,10.7,
e1,M1,sensor_drift,1007,,768.9,True,790.0,1559.0,notified,True,True,1560.0,142.95,0.0,1,0,,,1,0,2700.0,12.9,
e1,M1,sensor_drift,1005,,416.4,True,790.0,1207.0,notified,True,True,1210.0,81.887,0.0,1,0,,,1,0,2700.0,14.0,
e1,M1,sensor_drift,1009,,1045.3,True,790.0,1836.0,notified,True,True,1840.0,204.629,0.0,1,0,,,1,0,2700.0,13.7,
e1,M1,sensor_drift,1006,,506.6,True,790.0,1297.0,notified,True,True,1300.0,95.747,0.0,1,0,,,1,0,2700.0,14.4,
e1,M1,sensor_drift,1010,,650.2,True,790.0,1441.0,notified,True,True,1450.0,121.623,0.0,1,0,,,1,0,2700.0,14.5,
e1,M1,sensor_drift,1013,,935.1,True,790.0,1726.0,notified,True,True,1730.0,178.892,0.0,1,0,,,1,0,2700.0,10.9,
e1,M1,sensor_drift,1011,,216.8,True,790.0,1007.0,notified,True,True,1010.0,54.638,0.0,1,0,,,1,0,2700.0,14.5,
e1,M1,sensor_drift,1012,,405.5,True,770.0,1176.0,notified,True,True,1180.0,77.46,0.0,1,0,,,1,0,2700.0,14.6,
e1,M1,sensor_drift,1015,,522.3,True,780.0,1303.0,notified,True,True,1310.0,97.571,0.0,1,0,,,1,0,2700.0,13.6,
e1,M1,sensor_drift,1014,,635.8,True,800.0,1436.0,notified,True,True,1440.0,120.258,0.0,1,0,,,1,0,2700.0,14.8,
e1,M1,sensor_drift,1016,,582.3,True,790.0,1373.0,notified,True,True,1380.0,109.66,0.0,1,0,,,1,0,2700.0,14.7,
e1,M1,sensor_drift,1017,,570.2,True,790.0,1361.0,notified,True,True,1370.0,107.431,0.0,1,0,,,1,0,2700.0,13.9,
e1,M1,sensor_drift,1018,,550.8,True,820.0,1371.0,notified,True,True,1380.0,109.385,0.0,1,0,,,1,0,2700.0,12.7,
e1,M1,sensor_drift,1019,,988.2,True,780.0,1769.0,notified,True,True,1770.0,187.817,0.0,1,0,,,1,0,2700.0,14.1,
e1,M1,sensor_drift,1020,,619.1,True,780.0,1400.0,notified,True,True,1400.0,113.087,0.0,1,0,,,1,0,2700.0,14.6,
e1,M2,sensor_drift,1004,,836.1,True,790.0,790.0,mitigated,True,True,800.0,31.447,0.0,1,0,,,1,0,2700.0,10.6,
e1,M2,sensor_drift,1001,,107.9,True,810.0,810.0,mitigated,True,True,820.0,33.389,0.0,1,0,,,1,0,2700.0,14.7,
e1,M2,sensor_drift,1002,,1303.8,True,790.0,790.0,mitigated,True,True,800.0,31.723,0.0,1,0,,,1,0,2700.0,14.9,
e1,M2,sensor_drift,1003,,824.2,True,800.0,800.0,mitigated,True,True,810.0,32.545,0.0,1,0,,,1,0,2700.0,14.9,
e1,M2,sensor_drift,1006,,506.6,True,790.0,790.0,mitigated,True,True,800.0,31.493,0.0,1,0,,,1,0,2700.0,10.3,
e1,M2,sensor_drift,1005,,416.4,True,790.0,790.0,mitigated,True,True,800.0,31.744,0.0,1,0,,,1,0,2700.0,15.0,
e1,M2,sensor_drift,1007,,768.9,True,790.0,790.0,mitigated,True,True,800.0,31.732,0.0,1,0,,,1,0,2700.0,14.4,
e1,M2,sensor_drift,1008,,139.8,True,790.0,790.0,mitigated,True,True,800.0,31.561,0.0,1,0,,,1,0,2700.0,14.5,
e1,M2,sensor_drift,1010,,650.2,True,790.0,790.0,mitigated,True,True,800.0,31.524,0.0,1,0,,,1,0,2700.0,11.4,
e1,M2,sensor_drift,1009,,1045.3,True,790.0,790.0,mitigated,True,True,800.0,31.755,0.0,1,0,,,1,0,2700.0,14.7,
e1,M2,sensor_drift,1011,,216.8,True,790.0,790.0,mitigated,True,True,800.0,31.942,0.0,1,0,,,1,0,2700.0,14.7,
e1,M2,sensor_drift,1012,,405.5,True,770.0,770.0,mitigated,True,True,780.0,29.941,0.0,1,0,,,1,0,2700.0,13.9,
e1,M2,sensor_drift,1016,,582.3,True,790.0,790.0,mitigated,True,True,800.0,31.624,0.0,1,0,,,1,0,2700.0,11.6,
e1,M2,sensor_drift,1013,,935.1,True,790.0,790.0,mitigated,True,True,800.0,31.739,0.0,1,0,,,1,0,2700.0,14.9,
e1,M2,sensor_drift,1015,,522.3,True,780.0,780.0,mitigated,True,True,790.0,30.829,0.0,1,0,,,1,0,2700.0,13.3,
e1,M2,sensor_drift,1014,,635.8,True,800.0,800.0,mitigated,True,True,810.0,32.566,0.0,1,0,,,1,0,2700.0,14.8,
e1,M2,sensor_drift,1017,,570.2,True,790.0,790.0,mitigated,True,True,800.0,31.394,0.0,1,0,,,1,0,2700.0,14.7,
e1,M2,sensor_drift,1018,,550.8,True,820.0,820.0,mitigated,True,True,830.0,34.642,0.0,1,0,,,1,0,2700.0,14.7,
e1,M2,sensor_drift,1019,,988.2,True,780.0,780.0,mitigated,True,True,790.0,30.722,0.0,1,0,,,1,0,2700.0,14.0,
e1,M2,sensor_drift,1020,,619.1,True,780.0,780.0,mitigated,True,True,790.0,30.828,0.0,1,0,,,1,0,2700.0,15.1,
e1,M3,sensor_drift,1002,,1303.8,True,120.0,120.0,mitigated,True,True,130.0,0.02,0.0,2,0,,,2,0,2700.0,13.9,
e1,M3,sensor_drift,1001,,107.9,True,140.0,140.0,mitigated,True,True,150.0,0.063,0.0,2,0,,,2,0,2700.0,19.8,
e1,M3,sensor_drift,1003,,824.2,True,130.0,130.0,mitigated,True,True,140.0,0.035,0.0,2,0,,,2,0,2700.0,19.4,
e1,M3,sensor_drift,1006,,506.6,True,140.0,140.0,mitigated,True,True,150.0,0.034,0.0,2,0,,,2,0,2700.0,14.1,
e1,M3,sensor_drift,1004,,836.1,True,130.0,130.0,mitigated,True,True,140.0,0.022,0.0,2,0,,,2,0,2700.0,19.4,
e1,M3,sensor_drift,1005,,416.4,True,120.0,120.0,mitigated,True,True,130.0,0.024,0.0,2,0,,,2,0,2700.0,19.5,
e1,M3,sensor_drift,1010,,650.2,True,130.0,130.0,mitigated,True,True,140.0,0.032,0.0,3,0,,,3,0,2700.0,12.4,
e1,M3,sensor_drift,1007,,768.9,True,120.0,120.0,mitigated,True,True,130.0,0.0,0.0,2,0,,,2,0,2700.0,20.1,
e1,M3,sensor_drift,1008,,139.8,True,140.0,140.0,mitigated,True,True,150.0,0.031,0.0,2,0,,,2,0,2700.0,19.8,
e1,M3,sensor_drift,1009,,1045.3,True,110.0,110.0,mitigated,True,True,120.0,0.019,0.0,1,0,,,1,0,2700.0,20.0,
e1,M3,sensor_drift,1013,,935.1,True,120.0,120.0,mitigated,True,True,130.0,0.004,0.0,2,0,,,2,0,2700.0,17.1,
e1,M3,sensor_drift,1011,,216.8,True,140.0,140.0,mitigated,True,True,150.0,0.045,0.0,2,0,,,2,0,2700.0,19.8,
e1,M3,sensor_drift,1012,,405.5,True,130.0,130.0,mitigated,True,True,140.0,0.015,0.0,2,0,,,2,0,2700.0,19.7,
e1,M3,sensor_drift,1016,,582.3,True,130.0,130.0,mitigated,True,True,140.0,0.034,0.0,2,0,,,2,0,2700.0,15.2,
e1,M3,sensor_drift,1014,,635.8,True,110.0,110.0,mitigated,True,True,120.0,0.001,0.0,1,0,,,1,0,2700.0,18.2,
e1,M3,sensor_drift,1015,,522.3,True,130.0,130.0,mitigated,True,True,140.0,0.006,0.0,2,0,,,2,0,2700.0,19.7,
e1,M3,sensor_drift,1017,,570.2,True,120.0,120.0,mitigated,True,True,130.0,0.026,0.0,3,0,,,3,0,2700.0,17.1,
e1,M3,sensor_drift,1019,,988.2,True,120.0,120.0,mitigated,True,True,130.0,0.017,0.0,2,0,,,2,0,2700.0,18.6,
e1,M3,sensor_drift,1018,,550.8,True,110.0,110.0,mitigated,True,True,120.0,0.01,0.0,1,0,,,1,0,2700.0,19.8,
e1,M3,sensor_drift,1020,,619.1,True,130.0,130.0,mitigated,True,True,140.0,0.02,0.0,2,0,,,2,0,2700.0,19.8,
e1,M1,pump_degradation,1001,,107.9,False,,,missed,True,False,,255.284,0.0,0,0,,,0,0,2700.0,14.8,
e1,M1,pump_degradation,1002,,1303.8,False,,,missed,True,False,,255.284,0.0,0,0,,,0,0,2700.0,13.6,
e1,M1,pump_degradation,1004,,836.1,False,,,missed,True,False,,255.284,0.0,0,0,,,0,0,2700.0,11.1,
e1,M1,pump_degradation,1003,,824.2,False,,,missed,True,False,,255.284,0.0,0,0,,,0,0,2700.0,14.6,
e1,M1,pump_degradation,1005,,416.4,False,,,missed,True,False,,255.284,0.0,0,0,,,0,0,2700.0,13.4,
e1,M1,pump_degradation,1006,,506.6,False,,,missed,True,False,,255.284,0.0,0,0,,,0,0,2700.0,14.3,
e1,M1,pump_degradation,1008,,139.8,False,,,missed,True,False,,255.284,0.0,0,0,,,0,0,2700.0,13.1,
e1,M1,pump_degradation,1007,,768.9,False,,,missed,True,False,,255.284,0.0,0,0,,,0,0,2700.0,14.5,
e1,M1,pump_degradation,1011,,216.8,False,,,missed,True,False,,255.284,0.0,0,0,,,0,0,2700.0,9.9,
e1,M1,pump_degradation,1009,,1045.3,False,,,missed,True,False,,255.284,0.0,0,0,,,0,0,2700.0,14.4,
e1,M1,pump_degradation,1010,,650.2,False,,,missed,True,False,,255.284,0.0,0,0,,,0,0,2700.0,14.4,
e1,M1,pump_degradation,1015,,522.3,False,,,missed,True,False,,255.284,0.0,0,0,,,0,0,2700.0,10.8,
e1,M1,pump_degradation,1012,,405.5,False,,,missed,True,False,,255.284,0.0,0,0,,,0,0,2700.0,14.3,
e1,M1,pump_degradation,1013,,935.1,False,,,missed,True,False,,255.284,0.0,0,0,,,0,0,2700.0,14.5,
e1,M1,pump_degradation,1016,,582.3,False,,,missed,True,False,,255.284,0.0,0,0,,,0,0,2700.0,12.8,
e1,M1,pump_degradation,1014,,635.8,False,,,missed,True,False,,255.284,0.0,0,0,,,0,0,2700.0,14.4,
e1,M1,pump_degradation,1017,,570.2,False,,,missed,True,False,,255.284,0.0,0,0,,,0,0,2700.0,14.5,
e1,M1,pump_degradation,1018,,550.8,False,,,missed,True,False,,255.284,0.0,0,0,,,0,0,2700.0,14.5,
e1,M1,pump_degradation,1019,,988.2,False,,,missed,True,False,,255.284,0.0,0,0,,,0,0,2700.0,12.9,
e1,M2,pump_degradation,1002,,1303.8,False,,,missed,True,False,,255.284,0.0,0,0,,,0,0,2700.0,12.7,
e1,M1,pump_degradation,1020,,619.1,False,,,missed,True,False,,255.284,0.0,0,0,,,0,0,2700.0,14.5,
e1,M2,pump_degradation,1004,,836.1,False,,,missed,True,False,,255.284,0.0,0,0,,,0,0,2700.0,9.7,
e1,M2,pump_degradation,1001,,107.9,False,,,missed,True,False,,255.284,0.0,0,0,,,0,0,2700.0,14.6,
e1,M2,pump_degradation,1003,,824.2,False,,,missed,True,False,,255.284,0.0,0,0,,,0,0,2700.0,14.5,
e1,M2,pump_degradation,1005,,416.4,False,,,missed,True,False,,255.284,0.0,0,0,,,0,0,2700.0,14.5,
e1,M2,pump_degradation,1006,,506.6,False,,,missed,True,False,,255.284,0.0,0,0,,,0,0,2700.0,12.5,
e1,M2,pump_degradation,1009,,1045.3,False,,,missed,True,False,,255.284,0.0,0,0,,,0,0,2700.0,12.7,
e1,M2,pump_degradation,1010,,650.2,False,,,missed,True,False,,255.284,0.0,0,0,,,0,0,2700.0,11.5,
e1,M2,pump_degradation,1008,,139.8,False,,,missed,True,False,,255.284,0.0,0,0,,,0,0,2700.0,14.0,
e1,M2,pump_degradation,1007,,768.9,False,,,missed,True,False,,255.284,0.0,0,0,,,0,0,2700.0,14.3,
e1,M2,pump_degradation,1011,,216.8,False,,,missed,True,False,,255.284,0.0,0,0,,,0,0,2700.0,14.4,
e1,M2,pump_degradation,1012,,405.5,False,,,missed,True,False,,255.284,0.0,0,0,,,0,0,2700.0,14.3,
e1,M2,pump_degradation,1013,,935.1,False,,,missed,True,False,,255.284,0.0,0,0,,,0,0,2700.0,14.5,
e1,M2,pump_degradation,1018,,550.8,False,,,missed,True,False,,255.284,0.0,0,0,,,0,0,2700.0,9.9,
e1,M2,pump_degradation,1016,,582.3,False,,,missed,True,False,,255.284,0.0,0,0,,,0,0,2700.0,12.5,
e1,M2,pump_degradation,1015,,522.3,False,,,missed,True,False,,255.284,0.0,0,0,,,0,0,2700.0,14.2,
e1,M2,pump_degradation,1014,,635.8,False,,,missed,True,False,,255.284,0.0,0,0,,,0,0,2700.0,14.5,
e1,M2,pump_degradation,1017,,570.2,False,,,missed,True,False,,255.284,0.0,0,0,,,0,0,2700.0,14.1,
e1,M2,pump_degradation,1019,,988.2,False,,,missed,True,False,,255.284,0.0,0,0,,,0,0,2700.0,14.3,
e1,M2,pump_degradation,1020,,619.1,False,,,missed,True,False,,255.284,0.0,0,0,,,0,0,2700.0,14.4,
e1,M3,pump_degradation,1005,,416.4,True,180.0,180.0,mitigated,False,True,0.0,0.0,0.0,2,0,,,2,0,2700.0,15.5,
e1,M3,pump_degradation,1001,,107.9,True,180.0,180.0,mitigated,False,True,0.0,0.0,0.0,2,0,,,2,0,2700.0,20.2,
e1,M3,pump_degradation,1002,,1303.8,True,190.0,190.0,mitigated,False,True,0.0,0.0,0.0,2,0,,,2,0,2700.0,20.6,
e1,M3,pump_degradation,1003,,824.2,True,150.0,150.0,mitigated,False,True,0.0,0.0,0.0,2,0,,,2,0,2700.0,20.8,
e1,M3,pump_degradation,1004,,836.1,True,200.0,200.0,mitigated,False,True,0.0,0.0,0.0,2,0,,,2,0,2700.0,20.8,
e1,M3,pump_degradation,1006,,506.6,True,180.0,180.0,mitigated,False,True,0.0,0.0,0.0,2,0,,,2,0,2700.0,15.4,
e1,M3,pump_degradation,1007,,768.9,True,180.0,180.0,mitigated,False,True,0.0,0.0,0.0,2,0,,,2,0,2700.0,21.1,
e1,M3,pump_degradation,1008,,139.8,True,190.0,190.0,mitigated,False,True,0.0,0.0,0.0,2,0,,,2,0,2700.0,19.0,
e1,M3,pump_degradation,1009,,1045.3,True,170.0,170.0,mitigated,False,True,0.0,0.0,0.0,2,0,,,2,0,2700.0,17.2,
e1,M3,pump_degradation,1011,,216.8,True,150.0,150.0,mitigated,False,True,0.0,0.0,0.0,2,0,,,2,0,2700.0,16.5,
e1,M3,pump_degradation,1010,,650.2,True,190.0,190.0,mitigated,False,True,0.0,0.0,0.0,2,0,,,2,0,2700.0,20.7,
e1,M3,pump_degradation,1012,,405.5,True,210.0,210.0,mitigated,False,True,0.0,0.0,0.0,2,0,,,2,0,2700.0,20.8,
e1,M3,pump_degradation,1013,,935.1,True,190.0,190.0,mitigated,False,True,0.0,0.0,0.0,2,0,,,2,0,2700.0,20.8,
e1,M3,pump_degradation,1014,,635.8,True,180.0,180.0,mitigated,False,True,0.0,0.0,0.0,2,0,,,2,0,2700.0,20.8,
e1,M3,pump_degradation,1016,,582.3,True,190.0,190.0,mitigated,False,True,0.0,0.0,0.0,2,0,,,2,0,2700.0,17.4,
e1,M3,pump_degradation,1015,,522.3,True,140.0,140.0,mitigated,False,True,0.0,0.0,0.0,1,0,,,1,0,2700.0,20.0,
e1,M3,pump_degradation,1017,,570.2,True,200.0,200.0,mitigated,False,True,0.0,0.0,0.0,2,0,,,2,0,2700.0,19.1,
e1,M3,pump_degradation,1018,,550.8,True,190.0,190.0,mitigated,False,True,0.0,0.0,0.0,2,0,,,2,0,2700.0,18.0,
e1,M3,pump_degradation,1019,,988.2,True,170.0,170.0,mitigated,False,True,0.0,0.0,0.0,2,0,,,2,0,2700.0,19.6,
e1,M3,pump_degradation,1020,,619.1,True,200.0,200.0,mitigated,False,True,0.0,0.0,0.0,2,0,,,2,0,2700.0,19.6,
e1,M1,chw_supply_drift,1001,,107.9,True,280.0,388.0,notified,True,True,390.0,8.65,0.0,1,0,,,1,0,2700.0,12.3,
e1,M1,chw_supply_drift,1002,,1303.8,True,280.0,1584.0,notified,True,True,1590.0,124.116,206.707,1,0,,,1,0,2700.0,15.4,
e1,M1,chw_supply_drift,1004,,836.1,True,290.0,1127.0,notified,True,True,1130.0,78.116,106.905,1,0,,,1,0,2700.0,13.1,
e1,M1,chw_supply_drift,1003,,824.2,True,290.0,1115.0,notified,True,True,1120.0,77.116,105.726,1,0,,,1,0,2700.0,15.2,
e1,M1,chw_supply_drift,1005,,416.4,True,280.0,697.0,notified,True,True,700.0,35.116,20.712,1,0,,,1,0,2700.0,14.9,
e1,M1,chw_supply_drift,1008,,139.8,True,290.0,430.0,notified,True,True,440.0,11.793,0.0,1,0,,,1,0,2700.0,9.8,
e1,M1,chw_supply_drift,1006,,506.6,True,280.0,787.0,notified,True,True,790.0,44.116,38.095,1,0,,,1,0,2700.0,15.0,
e1,M1,chw_supply_drift,1007,,768.9,True,280.0,1049.0,notified,True,True,1050.0,70.116,87.99,1,0,,,1,0,2700.0,15.3,
e1,M1,chw_supply_drift,1009,,1045.3,True,290.0,1336.0,notified,True,True,1340.0,99.116,153.344,1,0,,,1,0,2700.0,15.3,
e1,M1,chw_supply_drift,1010,,650.2,True,290.0,941.0,notified,True,True,950.0,60.116,66.842,1,0,,,1,0,2700.0,15.0,
e1,M1,chw_supply_drift,1011,,216.8,True,290.0,507.0,notified,True,True,510.0,17.01,0.0,1,0,,,1,0,2700.0,14.7,
e1,M1,chw_supply_drift,1014,,635.8,True,280.0,916.0,notified,True,True,920.0,57.116,63.749,1,0,,,1,0,2700.0,10.7,
e1,M1,chw_supply_drift,1012,,405.5,True,290.0,696.0,notified,True,True,700.0,35.116,20.813,1,0,,,1,0,2700.0,15.0,
e1,M1,chw_supply_drift,1013,,935.1,True,280.0,1216.0,notified,True,True,1220.0,87.116,128.25,1,0,,,1,0,2700.0,13.5,
e1,M1,chw_supply_drift,1015,,522.3,True,280.0,803.0,notified,True,True,810.0,46.116,41.941,1,0,,,1,0,2700.0,14.9,
e1,M1,chw_supply_drift,1017,,570.2,True,280.0,851.0,notified,True,True,860.0,51.116,51.228,1,0,,,1,0,2700.0,12.0,
e1,M1,chw_supply_drift,1016,,582.3,True,290.0,873.0,notified,True,True,880.0,53.116,54.294,1,0,,,1,0,2700.0,15.0,
e1,M1,chw_supply_drift,1019,,988.2,True,290.0,1279.0,notified,True,True,1280.0,93.116,136.96,1,0,,,1,0,2700.0,13.1,
e1,M1,chw_supply_drift,1018,,550.8,True,290.0,841.0,notified,True,True,850.0,50.116,49.426,1,0,,,1,0,2700.0,15.0,
e1,M2,chw_supply_drift,1001,,107.9,True,280.0,280.0,mitigated,True,True,290.0,3.822,0.0,1,0,,,1,0,2700.0,13.7,
e1,M1,chw_supply_drift,1020,,619.1,True,300.0,920.0,notified,True,True,930.0,58.116,65.518,1,0,,,1,0,2700.0,14.8,
e1,M2,chw_supply_drift,1003,,824.2,True,290.0,290.0,mitigated,True,True,300.0,4.217,0.0,1,0,,,1,0,2700.0,11.1,
e1,M2,chw_supply_drift,1002,,1303.8,True,280.0,280.0,mitigated,True,True,290.0,3.822,0.0,1,0,,,1,0,2700.0,14.9,
e1,M2,chw_supply_drift,1005,,416.4,True,280.0,280.0,mitigated,True,True,290.0,3.822,0.0,1,0,,,1,0,2700.0,14.1,
e1,M2,chw_supply_drift,1004,,836.1,True,290.0,290.0,mitigated,True,True,300.0,4.217,0.0,1,0,,,1,0,2700.0,14.9,
e1,M2,chw_supply_drift,1006,,506.6,True,280.0,280.0,mitigated,True,True,290.0,3.822,0.0,1,0,,,1,0,2700.0,15.1,
e1,M2,chw_supply_drift,1008,,139.8,True,290.0,290.0,mitigated,True,True,300.0,4.217,0.0,1,0,,,1,0,2700.0,14.0,
e1,M2,chw_supply_drift,1007,,768.9,True,280.0,280.0,mitigated,True,True,290.0,3.822,0.0,1,0,,,1,0,2700.0,14.8,
e1,M2,chw_supply_drift,1009,,1045.3,True,290.0,290.0,mitigated,True,True,300.0,4.217,0.0,1,0,,,1,0,2700.0,13.3,
e1,M2,chw_supply_drift,1010,,650.2,True,290.0,290.0,mitigated,True,True,300.0,4.217,0.0,1,0,,,1,0,2700.0,15.1,
e1,M2,chw_supply_drift,1011,,216.8,True,290.0,290.0,mitigated,True,True,300.0,4.217,0.0,1,0,,,1,0,2700.0,11.4,
e1,M2,chw_supply_drift,1012,,405.5,True,290.0,290.0,mitigated,True,True,300.0,4.217,0.0,1,0,,,1,0,2700.0,12.3,
e1,M2,chw_supply_drift,1013,,935.1,True,280.0,280.0,mitigated,True,True,290.0,3.822,0.0,1,0,,,1,0,2700.0,14.8,
e1,M2,chw_supply_drift,1014,,635.8,True,280.0,280.0,mitigated,True,True,290.0,3.822,0.0,1,0,,,1,0,2700.0,14.9,
e1,M2,chw_supply_drift,1015,,522.3,True,280.0,280.0,mitigated,True,True,290.0,3.822,0.0,1,0,,,1,0,2700.0,14.8,
e1,M2,chw_supply_drift,1016,,582.3,True,290.0,290.0,mitigated,True,True,300.0,4.217,0.0,1,0,,,1,0,2700.0,15.0,
e1,M2,chw_supply_drift,1017,,570.2,True,280.0,280.0,mitigated,True,True,290.0,3.822,0.0,1,0,,,1,0,2700.0,12.7,
e1,M2,chw_supply_drift,1019,,988.2,True,290.0,290.0,mitigated,True,True,300.0,4.217,0.0,1,0,,,1,0,2700.0,12.7,
e1,M2,chw_supply_drift,1018,,550.8,True,290.0,290.0,mitigated,True,True,300.0,4.217,0.0,1,0,,,1,0,2700.0,14.5,
e1,M2,chw_supply_drift,1020,,619.1,True,300.0,300.0,mitigated,True,True,310.0,4.632,0.0,1,0,,,1,0,2700.0,13.8,
e1,M3,chw_supply_drift,1002,,1303.8,True,90.0,90.0,mitigated,True,True,100.0,0.006,0.0,2,0,,,2,0,2700.0,20.5,
e1,M3,chw_supply_drift,1001,,107.9,True,100.0,100.0,mitigated,True,True,110.0,0.032,0.0,2,0,,,2,0,2700.0,21.4,
e1,M3,chw_supply_drift,1004,,836.1,True,90.0,90.0,mitigated,True,True,100.0,0.006,0.0,2,0,,,2,0,2700.0,19.4,
e1,M3,chw_supply_drift,1003,,824.2,True,90.0,90.0,mitigated,True,True,100.0,0.006,0.0,1,0,,,1,0,2700.0,21.0,
e1,M3,chw_supply_drift,1005,,416.4,True,90.0,90.0,mitigated,True,True,100.0,0.006,0.0,1,0,,,1,0,2700.0,19.9,
e1,M3,chw_supply_drift,1006,,506.6,True,80.0,80.0,mitigated,False,True,0.0,0.0,0.0,1,0,,,1,0,2700.0,20.8,
e1,M3,chw_supply_drift,1007,,768.9,True,100.0,100.0,mitigated,True,True,110.0,0.032,0.0,2,0,,,2,0,2700.0,17.7,
e1,M3,chw_supply_drift,1008,,139.8,True,100.0,100.0,mitigated,True,True,110.0,0.032,0.0,2,0,,,2,0,2700.0,18.1,
e1,M3,chw_supply_drift,1009,,1045.3,True,90.0,90.0,mitigated,True,True,100.0,0.006,0.0,1,0,,,1,0,2700.0,21.3,
e1,M3,chw_supply_drift,1011,,216.8,True,80.0,80.0,mitigated,False,True,0.0,0.0,0.0,1,0,,,1,0,2700.0,19.9,
e1,M3,chw_supply_drift,1010,,650.2,True,80.0,80.0,mitigated,False,True,0.0,0.0,0.0,1,0,,,1,0,2700.0,21.2,
e1,M3,chw_supply_drift,1012,,405.5,True,100.0,100.0,mitigated,True,True,110.0,0.032,0.0,2,0,,,2,0,2700.0,18.2,
e1,M3,chw_supply_drift,1013,,935.1,True,90.0,90.0,mitigated,True,True,100.0,0.006,0.0,2,0,,,2,0,2700.0,17.1,
e1,M3,chw_supply_drift,1014,,635.8,True,100.0,100.0,mitigated,True,True,110.0,0.032,0.0,2,0,,,2,0,2700.0,21.0,
e1,M3,chw_supply_drift,1015,,522.3,True,100.0,100.0,mitigated,True,True,110.0,0.032,0.0,2,0,,,2,0,2700.0,21.6,
e1,M1,rack_hotspot,1001,,107.9,True,30.0,138.0,notified,True,True,160.0,3.703,3.703,1,0,,,1,0,2700.0,10.5,
e1,M3,chw_supply_drift,1020,,619.1,True,90.0,90.0,mitigated,True,True,100.0,0.006,0.0,2,0,,,2,0,2700.0,17.5,
e1,M3,chw_supply_drift,1016,,582.3,True,100.0,100.0,mitigated,True,True,110.0,0.032,0.0,2,0,,,2,0,2700.0,21.3,
e1,M3,chw_supply_drift,1017,,570.2,True,80.0,80.0,mitigated,False,True,0.0,0.0,0.0,1,0,,,1,0,2700.0,21.0,
e1,M3,chw_supply_drift,1019,,988.2,True,100.0,100.0,mitigated,True,True,110.0,0.032,0.0,2,0,,,2,0,2700.0,20.8,
e1,M3,chw_supply_drift,1018,,550.8,True,80.0,80.0,mitigated,False,True,0.0,0.0,0.0,1,0,,,1,0,2700.0,21.2,
e1,M1,rack_hotspot,1004,,836.1,True,30.0,867.0,notified,True,True,890.0,21.262,21.262,1,0,,,1,0,2700.0,10.3,
e1,M1,rack_hotspot,1002,,1303.8,True,30.0,1334.0,notified,True,True,1360.0,35.149,35.149,1,0,,,1,0,2700.0,14.4,
e1,M1,rack_hotspot,1003,,824.2,True,30.0,855.0,notified,True,True,880.0,22.577,22.577,1,0,,,1,0,2700.0,14.3,
e1,M1,rack_hotspot,1005,,416.4,True,30.0,447.0,notified,True,True,580.0,13.298,13.298,1,0,,,1,0,2700.0,14.7,
e1,M1,rack_hotspot,1006,,506.6,True,30.0,537.0,notified,True,True,560.0,13.559,13.559,1,0,,,1,0,2700.0,13.8,
e1,M1,rack_hotspot,1008,,139.8,True,30.0,170.0,notified,True,True,350.0,6.522,6.522,1,0,,,1,0,2700.0,14.4,
e1,M1,rack_hotspot,1007,,768.9,True,30.0,799.0,notified,True,True,810.0,16.473,16.473,1,0,,,1,0,2700.0,14.5,
e1,M1,rack_hotspot,1009,,1045.3,True,30.0,1076.0,notified,True,True,1160.0,28.892,28.892,1,0,,,1,0,2700.0,11.5,
e1,M1,rack_hotspot,1012,,405.5,True,30.0,436.0,notified,True,True,520.0,12.054,12.054,1,0,,,1,0,2700.0,10.1,
e1,M1,rack_hotspot,1010,,650.2,True,30.0,681.0,notified,True,True,690.0,16.924,16.924,1,0,,,1,0,2700.0,14.5,
e1,M1,rack_hotspot,1011,,216.8,True,30.0,247.0,notified,True,True,260.0,5.257,5.257,1,0,,,1,0,2700.0,14.3,
e1,M1,rack_hotspot,1013,,935.1,True,30.0,966.0,notified,True,True,980.0,24.315,24.315,1,0,,,1,0,2700.0,14.5,
e1,M1,rack_hotspot,1015,,522.3,True,30.0,553.0,notified,True,True,570.0,14.258,14.258,1,0,,,1,0,2700.0,14.0,
e1,M1,rack_hotspot,1014,,635.8,True,30.0,666.0,notified,True,True,690.0,17.556,17.556,1,0,,,1,0,2700.0,14.7,
e1,M1,rack_hotspot,1016,,582.3,True,30.0,613.0,notified,True,True,750.0,18.999,18.999,1,0,,,1,0,2700.0,14.7,
e1,M1,rack_hotspot,1017,,570.2,True,30.0,601.0,notified,True,True,720.0,17.727,17.727,1,0,,,1,0,2700.0,12.2,
e1,M1,rack_hotspot,1018,,550.8,True,30.0,581.0,notified,True,True,600.0,12.235,12.235,1,0,,,1,0,2700.0,14.5,
e1,M1,rack_hotspot,1019,,988.2,True,30.0,1019.0,notified,True,True,1040.0,29.735,29.735,1,0,,,1,0,2700.0,14.8,
e1,M1,rack_hotspot,1020,,619.1,True,30.0,650.0,notified,True,True,790.0,19.058,19.058,1,0,,,1,0,2700.0,11.6,
e1,M2,rack_hotspot,1001,,107.9,True,30.0,30.0,mitigated,True,True,50.0,0.914,0.914,1,0,,,1,0,2700.0,12.1,
e1,M2,rack_hotspot,1002,,1303.8,True,30.0,30.0,mitigated,True,True,50.0,1.005,1.005,1,0,,,1,0,2700.0,14.8,
e1,M2,rack_hotspot,1003,,824.2,True,30.0,30.0,mitigated,True,True,120.0,1.173,1.173,1,0,,,1,0,2700.0,14.9,
e1,M2,rack_hotspot,1004,,836.1,True,30.0,30.0,mitigated,True,True,50.0,0.779,0.779,1,0,,,1,0,2700.0,14.8,
e1,M2,rack_hotspot,1006,,506.6,True,30.0,30.0,mitigated,True,True,50.0,0.951,0.951,1,0,,,1,0,2700.0,12.0,
e1,M2,rack_hotspot,1005,,416.4,True,30.0,30.0,mitigated,True,True,190.0,1.541,1.541,1,0,,,1,0,2700.0,14.0,
e1,M2,rack_hotspot,1007,,768.9,True,30.0,30.0,mitigated,True,True,50.0,0.866,0.866,1,0,,,1,0,2700.0,12.7,
e1,M2,rack_hotspot,1008,,139.8,True,30.0,30.0,mitigated,True,True,250.0,2.142,2.142,1,0,,,1,0,2700.0,15.3,
e1,M2,rack_hotspot,1009,,1045.3,True,30.0,30.0,mitigated,True,True,50.0,0.918,0.918,1,0,,,1,0,2700.0,14.9,
e1,M2,rack_hotspot,1011,,216.8,True,30.0,30.0,mitigated,True,True,40.0,0.741,0.741,1,0,,,1,0,2700.0,12.0,
e1,M2,rack_hotspot,1010,,650.2,True,30.0,30.0,mitigated,True,True,50.0,0.9,0.9,1,0,,,1,0,2700.0,14.9,
e1,M2,rack_hotspot,1012,,405.5,True,30.0,30.0,mitigated,True,True,130.0,1.233,1.233,1,0,,,1,0,2700.0,15.0,
e1,M2,rack_hotspot,1013,,935.1,True,30.0,30.0,mitigated,True,True,80.0,1.192,1.192,1,0,,,1,0,2700.0,14.1,
e1,M2,rack_hotspot,1014,,635.8,True,30.0,30.0,mitigated,True,True,50.0,0.938,0.938,1,0,,,1,0,2700.0,14.7,
e1,M2,rack_hotspot,1015,,522.3,True,30.0,30.0,mitigated,True,True,50.0,0.896,0.896,1,0,,,1,0,2700.0,12.4,
e1,M2,rack_hotspot,1016,,582.3,True,30.0,30.0,mitigated,True,True,170.0,1.531,1.531,1,0,,,1,0,2700.0,12.8,
e1,M2,rack_hotspot,1018,,550.8,True,30.0,30.0,mitigated,True,True,50.0,0.573,0.573,1,0,,,1,0,2700.0,13.1,
e1,M2,rack_hotspot,1017,,570.2,True,30.0,30.0,mitigated,True,True,170.0,1.444,1.444,1,0,,,1,0,2700.0,15.3,
e1,M2,rack_hotspot,1019,,988.2,True,30.0,30.0,mitigated,True,True,180.0,1.607,1.607,1,0,,,1,0,2700.0,13.2,
e1,M2,rack_hotspot,1020,,619.1,True,30.0,30.0,mitigated,True,True,160.0,1.424,1.424,1,0,,,1,0,2700.0,15.2,
e1,M3,rack_hotspot,1002,,1303.8,True,30.0,30.0,mitigated,True,True,50.0,1.005,1.005,1,0,,,1,0,2700.0,17.6,
e1,M3,rack_hotspot,1001,,107.9,True,30.0,30.0,mitigated,True,True,50.0,0.914,0.914,1,0,,,1,0,2700.0,19.8,
e1,M3,rack_hotspot,1003,,824.2,True,30.0,30.0,mitigated,True,True,120.0,1.173,1.173,1,0,,,1,0,2700.0,20.0,
e1,M3,rack_hotspot,1006,,506.6,True,30.0,30.0,mitigated,True,True,50.0,0.951,0.951,1,0,,,1,0,2700.0,13.2,
e1,M3,rack_hotspot,1004,,836.1,True,30.0,30.0,mitigated,True,True,50.0,0.779,0.779,1,0,,,1,0,2700.0,20.0,
e1,M3,rack_hotspot,1005,,416.4,True,30.0,30.0,mitigated,True,True,190.0,1.541,1.541,1,0,,,1,0,2700.0,20.4,
e1,M3,rack_hotspot,1007,,768.9,True,30.0,30.0,mitigated,True,True,50.0,0.866,0.866,1,0,,,1,0,2700.0,17.3,
e1,M3,rack_hotspot,1008,,139.8,True,30.0,30.0,mitigated,True,True,250.0,2.142,2.142,1,0,,,1,0,2700.0,20.3,
e1,M3,rack_hotspot,1009,,1045.3,True,30.0,30.0,mitigated,True,True,50.0,0.918,0.918,1,0,,,1,0,2700.0,20.1,
e1,M3,rack_hotspot,1010,,650.2,True,30.0,30.0,mitigated,True,True,50.0,0.9,0.9,5,0,,,5,0,2700.0,17.9,
e1,M3,rack_hotspot,1011,,216.8,True,30.0,30.0,mitigated,True,True,40.0,0.741,0.741,2,0,,,2,0,2700.0,18.9,
e1,M3,rack_hotspot,1014,,635.8,True,30.0,30.0,mitigated,True,True,50.0,0.938,0.938,1,0,,,1,0,2700.0,16.8,
e1,M3,rack_hotspot,1012,,405.5,True,30.0,30.0,mitigated,True,True,130.0,1.233,1.233,1,0,,,1,0,2700.0,19.2,
e1,M3,rack_hotspot,1013,,935.1,True,30.0,30.0,mitigated,True,True,80.0,1.192,1.192,1,0,,,1,0,2700.0,20.1,
e1,M3,rack_hotspot,1016,,582.3,True,30.0,30.0,mitigated,True,True,170.0,1.531,1.531,1,0,,,1,0,2700.0,19.2,
e1,M3,rack_hotspot,1015,,522.3,True,30.0,30.0,mitigated,True,True,50.0,0.896,0.896,1,0,,,1,0,2700.0,19.9,
e1,M3,rack_hotspot,1017,,570.2,True,30.0,30.0,mitigated,True,True,170.0,1.444,1.444,2,0,,,2,0,2700.0,17.2,
e1,M3,rack_hotspot,1020,,619.1,True,30.0,30.0,mitigated,True,True,160.0,1.424,1.424,1,0,,,1,0,2700.0,15.2,
e1,M3,rack_hotspot,1018,,550.8,True,30.0,30.0,mitigated,True,True,50.0,0.573,0.573,1,0,,,1,0,2700.0,20.0,
e1,M1,ups_battery_overheat,1001,,107.9,True,840.0,948.0,notified,True,True,1150.0,3.045,0.0,1,0,,,1,0,2700.0,14.6,
e1,M3,rack_hotspot,1019,,988.2,True,30.0,30.0,mitigated,True,True,180.0,1.607,1.607,1,0,,,1,0,2700.0,19.7,
e1,M1,ups_battery_overheat,1004,,836.1,True,830.0,1667.0,notified,True,True,2520.0,85.645,0.0,1,0,,,1,0,2700.0,11.1,
e1,M1,ups_battery_overheat,1002,,1303.8,True,820.0,2124.0,notified,True,False,,173.973,0.0,1,0,,,1,0,2700.0,14.2,
e1,M1,ups_battery_overheat,1003,,824.2,True,750.0,1575.0,notified,True,True,2480.0,94.838,0.0,1,0,,,1,0,2700.0,14.8,
e1,M1,ups_battery_overheat,1008,,139.8,True,890.0,1030.0,notified,True,True,1260.0,4.5,0.0,1,0,,,1,0,2700.0,9.9,
e1,M1,ups_battery_overheat,1005,,416.4,True,760.0,1177.0,notified,True,True,1740.0,30.29,0.0,1,0,,,1,0,2700.0,14.4,
e1,M1,ups_battery_overheat,1006,,506.6,True,720.0,1227.0,notified,True,True,1930.0,48.019,0.0,1,0,,,1,0,2700.0,14.6,
e1,M1,ups_battery_overheat,1007,,768.9,True,900.0,1669.0,notified,True,True,2500.0,77.218,0.0,1,0,,,1,0,2700.0,14.6,
e1,M1,ups_battery_overheat,1009,,1045.3,True,780.0,1826.0,notified,True,False,,160.992,0.0,1,0,,,1,0,2700.0,11.9,
e1,M1,ups_battery_overheat,1010,,650.2,True,1000.0,1651.0,notified,True,True,2230.0,38.579,0.0,1,0,,,1,0,2700.0,14.8,
e1,M1,ups_battery_overheat,1011,,216.8,True,880.0,1097.0,notified,True,True,1420.0,8.808,0.0,1,0,,,1,0,2700.0,14.3,
e1,M1,ups_battery_overheat,1015,,522.3,True,740.0,1263.0,notified,True,True,1910.0,42.267,0.0,1,0,,,1,0,2700.0,11.5,
e1,M1,ups_battery_overheat,1012,,405.5,True,740.0,1146.0,notified,True,True,1710.0,29.698,0.0,1,0,,,1,0,2700.0,14.4,
e1,M1,ups_battery_overheat,1013,,935.1,True,690.0,1626.0,notified,True,True,2650.0,125.636,0.0,1,0,,,1,0,2700.0,14.8,
e1,M1,ups_battery_overheat,1014,,635.8,True,780.0,1416.0,notified,True,True,2240.0,68.708,0.0,1,0,,,1,0,2700.0,14.5,
e1,M1,ups_battery_overheat,1016,,582.3,True,880.0,1463.0,notified,True,True,2140.0,47.234,0.0,1,0,,,1,0,2700.0,13.6,
e1,M1,ups_battery_overheat,1017,,570.2,True,790.0,1361.0,notified,True,True,2110.0,56.31,0.0,1,0,,,1,0,2700.0,12.7,
e1,M1,ups_battery_overheat,1019,,988.2,True,890.0,1879.0,notified,True,False,,106.488,0.0,1,0,,,1,0,2700.0,11.6,
e1,M1,ups_battery_overheat,1018,,550.8,True,770.0,1321.0,notified,True,True,2030.0,50.847,0.0,1,0,,,1,0,2700.0,14.5,
e1,M1,ups_battery_overheat,1020,,619.1,True,770.0,1390.0,notified,True,True,2110.0,55.605,0.0,1,0,,,1,0,2700.0,14.5,
e1,M2,ups_battery_overheat,1001,,107.9,True,840.0,948.0,mitigated,True,True,1150.0,3.045,0.0,2,0,,,1,0,2700.0,14.9,
e1,M2,ups_battery_overheat,1002,,1303.8,True,820.0,2124.0,mitigated,True,False,,173.973,0.0,2,0,,,1,0,2700.0,15.0,
e1,M2,ups_battery_overheat,1004,,836.1,True,830.0,1667.0,mitigated,True,True,2520.0,85.645,0.0,2,0,,,1,0,2700.0,10.0,
e1,M2,ups_battery_overheat,1003,,824.2,True,750.0,1575.0,mitigated,True,True,2480.0,94.838,0.0,2,0,,,1,0,2700.0,15.1,
e1,M2,ups_battery_overheat,1006,,506.6,True,720.0,1227.0,mitigated,True,True,1930.0,48.019,0.0,2,0,,,1,0,2700.0,14.6,
e1,M2,ups_battery_overheat,1005,,416.4,True,760.0,1177.0,mitigated,True,True,1740.0,30.29,0.0,2,0,,,1,0,2700.0,15.1,
e1,M2,ups_battery_overheat,1007,,768.9,True,900.0,1669.0,mitigated,True,True,2500.0,77.218,0.0,2,0,,,1,0,2700.0,14.7,
e1,M2,ups_battery_overheat,1008,,139.8,True,890.0,1030.0,mitigated,True,True,1260.0,4.5,0.0,2,0,,,1,0,2700.0,14.1,
e1,M2,ups_battery_overheat,1009,,1045.3,True,780.0,1826.0,mitigated,True,False,,160.992,0.0,2,0,,,1,0,2700.0,14.8,
e1,M2,ups_battery_overheat,1010,,650.2,True,1000.0,1651.0,mitigated,True,True,2230.0,38.579,0.0,2,0,,,1,0,2700.0,13.2,
e1,M2,ups_battery_overheat,1011,,216.8,True,880.0,1097.0,mitigated,True,True,1420.0,8.808,0.0,2,0,,,1,0,2700.0,14.9,
e1,M2,ups_battery_overheat,1013,,935.1,True,690.0,1626.0,mitigated,True,True,2650.0,125.636,0.0,2,0,,,1,0,2700.0,10.0,
e1,M2,ups_battery_overheat,1012,,405.5,True,740.0,1146.0,mitigated,True,True,1710.0,29.698,0.0,2,0,,,1,0,2700.0,14.8,
e1,M2,ups_battery_overheat,1014,,635.8,True,780.0,1416.0,mitigated,True,True,2240.0,68.708,0.0,2,0,,,1,0,2700.0,15.0,
e1,M2,ups_battery_overheat,1015,,522.3,True,740.0,1263.0,mitigated,True,True,1910.0,42.267,0.0,2,0,,,1,0,2700.0,15.1,
e1,M2,ups_battery_overheat,1016,,582.3,True,880.0,1463.0,mitigated,True,True,2140.0,47.234,0.0,2,0,,,1,0,2700.0,14.8,
e1,M2,ups_battery_overheat,1019,,988.2,True,890.0,1879.0,mitigated,True,False,,106.488,0.0,2,0,,,1,0,2700.0,10.0,
e1,M2,ups_battery_overheat,1017,,570.2,True,790.0,1361.0,mitigated,True,True,2110.0,56.31,0.0,2,0,,,1,0,2700.0,15.0,
e1,M2,ups_battery_overheat,1018,,550.8,True,770.0,1321.0,mitigated,True,True,2030.0,50.847,0.0,2,0,,,1,0,2700.0,14.5,
e1,M2,ups_battery_overheat,1020,,619.1,True,770.0,1390.0,mitigated,True,True,2110.0,55.605,0.0,2,0,,,1,0,2700.0,15.2,
e1,M3,ups_battery_overheat,1002,,1303.8,True,80.0,1384.0,mitigated,True,True,2080.0,49.109,0.0,2,0,,,1,0,2700.0,16.5,
e1,M3,ups_battery_overheat,1005,,416.4,True,80.0,497.0,mitigated,False,True,0.0,0.0,0.0,2,0,,,1,0,2700.0,17.2,
e1,M3,ups_battery_overheat,1001,,107.9,True,90.0,198.0,mitigated,False,True,0.0,0.0,0.0,3,0,,,2,0,2700.0,19.9,
e1,M3,ups_battery_overheat,1003,,824.2,True,80.0,905.0,mitigated,True,True,1190.0,6.485,0.0,2,0,,,1,0,2700.0,19.9,
e1,M3,ups_battery_overheat,1004,,836.1,True,80.0,917.0,mitigated,True,True,1090.0,2.301,0.0,3,0,,,2,0,2700.0,20.1,
e1,M3,ups_battery_overheat,1006,,506.6,True,80.0,587.0,mitigated,False,True,0.0,0.0,0.0,3,0,,,2,0,2700.0,17.8,
e1,M3,ups_battery_overheat,1007,,768.9,True,70.0,839.0,mitigated,False,True,0.0,0.0,0.0,2,0,,,1,0,2700.0,20.0,
e1,M3,ups_battery_overheat,1012,,405.5,True,90.0,496.0,mitigated,False,True,0.0,0.0,0.0,3,0,,,2,0,2700.0,12.7,
e1,M3,ups_battery_overheat,1008,,139.8,True,100.0,240.0,mitigated,False,True,0.0,0.0,0.0,3,0,,,2,0,2700.0,17.5,
e1,M3,ups_battery_overheat,1009,,1045.3,True,80.0,1126.0,mitigated,True,True,1690.0,27.412,0.0,3,0,,,2,0,2700.0,19.9,
e1,M3,ups_battery_overheat,1010,,650.2,True,80.0,731.0,mitigated,False,True,0.0,0.0,0.0,3,0,,,2,0,2700.0,20.2,
e1,M3,ups_battery_overheat,1011,,216.8,True,100.0,317.0,mitigated,False,True,0.0,0.0,0.0,3,0,,,2,0,2700.0,20.0,
e1,M3,ups_battery_overheat,1013,,935.1,True,70.0,1006.0,mitigated,True,True,1510.0,21.722,0.0,2,0,,,1,0,2700.0,19.6,
e1,M3,ups_battery_overheat,1015,,522.3,True,60.0,583.0,mitigated,False,True,0.0,0.0,0.0,2,0,,,1,0,2700.0,15.9,
e1,M3,ups_battery_overheat,1014,,635.8,True,80.0,716.0,mitigated,False,True,0.0,0.0,0.0,2,0,,,1,0,2700.0,19.8,
e1,M3,ups_battery_overheat,1016,,582.3,True,100.0,683.0,mitigated,False,True,0.0,0.0,0.0,3,0,,,2,0,2700.0,19.4,
e1,M3,ups_battery_overheat,1019,,988.2,True,80.0,1069.0,mitigated,True,True,1330.0,5.79,0.0,3,0,,,2,0,2700.0,15.0,
e1,M3,ups_battery_overheat,1017,,570.2,True,70.0,641.0,mitigated,False,True,0.0,0.0,0.0,2,0,,,1,0,2700.0,17.0,
e1,M3,ups_battery_overheat,1018,,550.8,True,80.0,631.0,mitigated,False,True,0.0,0.0,0.0,2,0,,,1,0,2700.0,19.8,
e1,M3,ups_battery_overheat,1020,,619.1,True,70.0,690.0,mitigated,False,True,0.0,0.0,0.0,3,0,,,2,0,2700.0,20.2,
e1,M1,pdu_overload,1001,,107.9,True,40.0,148.0,notified,True,True,150.0,15.0,0.0,1,0,,,1,0,2700.0,12.9,
e1,M1,pdu_overload,1002,,1303.8,True,40.0,1344.0,notified,True,True,1350.0,153.462,0.0,1,0,,,1,0,2700.0,14.1,
e1,M1,pdu_overload,1003,,824.2,True,40.0,865.0,notified,True,True,870.0,98.077,0.0,1,0,,,1,0,2700.0,14.7,
e1,M1,pdu_overload,1005,,416.4,True,40.0,457.0,notified,True,True,460.0,50.769,0.0,1,0,,,1,0,2700.0,13.7,
e1,M1,pdu_overload,1004,,836.1,True,30.0,867.0,notified,True,True,870.0,98.077,0.0,1,0,,,1,0,2700.0,14.5,
e1,M1,pdu_overload,1006,,506.6,True,30.0,537.0,notified,True,True,540.0,61.154,0.0,1,0,,,1,0,2700.0,13.4,
e1,M1,pdu_overload,1009,,1045.3,True,40.0,1086.0,notified,True,True,1090.0,123.462,0.0,1,0,,,1,0,2700.0,11.7,
e1,M1,pdu_overload,1007,,768.9,True,40.0,809.0,notified,True,True,820.0,91.667,0.0,1,0,,,1,0,2700.0,14.6,
e1,M1,pdu_overload,1008,,139.8,True,40.0,180.0,notified,True,True,190.0,19.615,0.0,1,0,,,1,0,2700.0,14.4,
e1,M1,pdu_overload,1011,,216.8,True,40.0,257.0,notified,True,True,260.0,27.692,0.0,1,0,,,1,0,2700.0,12.0,
e1,M1,pdu_overload,1012,,405.5,True,40.0,446.0,notified,True,True,450.0,49.615,0.0,1,0,,,1,0,2700.0,11.8,
e1,M1,pdu_overload,1010,,650.2,True,40.0,691.0,notified,True,True,700.0,78.462,0.0,1,0,,,1,0,2700.0,14.7,
e1,M1,pdu_overload,1013,,935.1,True,30.0,966.0,notified,True,True,970.0,110.769,0.0,1,0,,,1,0,2700.0,14.8,
e1,M1,pdu_overload,1014,,635.8,True,40.0,676.0,notified,True,True,680.0,76.154,0.0,1,0,,,1,0,2700.0,14.7,
e1,M1,pdu_overload,1015,,522.3,True,30.0,553.0,notified,True,True,560.0,63.462,0.0,1,0,,,1,0,2700.0,14.6,
e1,M1,pdu_overload,1017,,570.2,True,40.0,611.0,notified,True,True,620.0,69.231,0.0,1,0,,,1,0,2700.0,9.7,
e1,M1,pdu_overload,1016,,582.3,True,40.0,623.0,notified,True,True,630.0,70.385,0.0,1,0,,,1,0,2700.0,14.8,
e1,M1,pdu_overload,1018,,550.8,True,30.0,581.0,notified,True,True,590.0,66.923,0.0,1,0,,,1,0,2700.0,14.8,
e1,M1,pdu_overload,1019,,988.2,True,40.0,1029.0,notified,True,True,1040.0,117.051,0.0,1,0,,,1,0,2700.0,13.9,
e1,M1,pdu_overload,1020,,619.1,True,40.0,660.0,notified,True,True,670.0,75.0,0.0,1,0,,,1,0,2700.0,14.7,
e1,M2,pdu_overload,1003,,824.2,True,40.0,865.0,mitigated,True,True,870.0,98.077,0.0,2,0,,,1,0,2700.0,12.2,
e1,M2,pdu_overload,1001,,107.9,True,40.0,148.0,mitigated,True,True,150.0,15.0,0.0,2,0,,,1,0,2700.0,14.1,
e1,M2,pdu_overload,1002,,1303.8,True,40.0,1344.0,mitigated,True,True,1350.0,153.462,0.0,2,0,,,1,0,2700.0,15.1,
e1,M2,pdu_overload,1004,,836.1,True,30.0,867.0,mitigated,True,True,870.0,98.077,0.0,2,0,,,1,0,2700.0,14.8,
e1,M2,pdu_overload,1005,,416.4,True,40.0,457.0,mitigated,True,True,460.0,50.769,0.0,2,0,,,1,0,2700.0,13.3,
e1,M2,pdu_overload,1006,,506.6,True,30.0,537.0,mitigated,True,True,540.0,61.154,0.0,2,0,,,1,0,2700.0,13.4,
e1,M2,pdu_overload,1007,,768.9,True,40.0,809.0,mitigated,True,True,820.0,91.667,0.0,2,0,,,1,0,2700.0,15.0,
e1,M2,pdu_overload,1008,,139.8,True,40.0,180.0,mitigated,True,True,190.0,19.615,0.0,2,0,,,1,0,2700.0,14.2,
e1,M2,pdu_overload,1009,,1045.3,True,40.0,1086.0,mitigated,True,True,1090.0,123.462,0.0,2,0,,,1,0,2700.0,14.9,
e1,M2,pdu_overload,1012,,405.5,True,40.0,446.0,mitigated,True,True,450.0,49.615,0.0,2,0,,,1,0,2700.0,10.5,
e1,M2,pdu_overload,1010,,650.2,True,40.0,691.0,mitigated,True,True,700.0,78.462,0.0,2,0,,,1,0,2700.0,15.0,
e1,M2,pdu_overload,1011,,216.8,True,40.0,257.0,mitigated,True,True,260.0,27.692,0.0,2,0,,,1,0,2700.0,14.9,
e1,M2,pdu_overload,1013,,935.1,True,30.0,966.0,mitigated,True,True,970.0,110.769,0.0,2,0,,,1,0,2700.0,14.2,
e1,M2,pdu_overload,1014,,635.8,True,40.0,676.0,mitigated,True,True,680.0,76.154,0.0,2,0,,,1,0,2700.0,14.7,
e1,M2,pdu_overload,1015,,522.3,True,30.0,553.0,mitigated,True,True,560.0,63.462,0.0,2,0,,,1,0,2700.0,15.0,
e1,M2,pdu_overload,1018,,550.8,True,30.0,581.0,mitigated,True,True,590.0,66.923,0.0,2,0,,,1,0,2700.0,12.6,
e1,M2,pdu_overload,1019,,988.2,True,40.0,1029.0,mitigated,True,True,1040.0,117.051,0.0,2,0,,,1,0,2700.0,13.0,
e1,M2,pdu_overload,1016,,582.3,True,40.0,623.0,mitigated,True,True,630.0,70.385,0.0,2,0,,,1,0,2700.0,14.9,
e1,M2,pdu_overload,1017,,570.2,True,40.0,611.0,mitigated,True,True,620.0,69.231,0.0,2,0,,,1,0,2700.0,14.4,
e1,M2,pdu_overload,1020,,619.1,True,40.0,660.0,mitigated,True,True,670.0,75.0,0.0,2,0,,,1,0,2700.0,15.4,
e1,M3,pdu_overload,1003,,824.2,True,30.0,855.0,mitigated,True,True,860.0,96.923,0.0,2,0,,,1,0,2700.0,15.6,
e1,M3,pdu_overload,1005,,416.4,True,30.0,447.0,mitigated,True,True,450.0,49.615,0.0,2,0,,,1,0,2700.0,16.7,
e1,M3,pdu_overload,1001,,107.9,True,30.0,138.0,mitigated,True,True,140.0,13.846,0.0,2,0,,,1,0,2700.0,20.1,
e1,M3,pdu_overload,1002,,1303.8,True,30.0,1334.0,mitigated,True,True,1340.0,152.308,0.0,2,0,,,1,0,2700.0,19.8,
e1,M3,pdu_overload,1006,,506.6,True,30.0,537.0,mitigated,True,True,540.0,61.154,0.0,2,0,,,1,0,2700.0,17.8,
e1,M3,pdu_overload,1004,,836.1,True,30.0,867.0,mitigated,True,True,870.0,98.077,0.0,2,0,,,1,0,2700.0,19.8,
e1,M3,pdu_overload,1007,,768.9,True,30.0,799.0,mitigated,True,True,810.0,90.513,0.0,2,0,,,1,0,2700.0,20.0,
e1,M3,pdu_overload,1009,,1045.3,True,30.0,1076.0,mitigated,True,True,1080.0,122.308,0.0,2,0,,,1,0,2700.0,12.8,
e1,M3,pdu_overload,1008,,139.8,True,30.0,170.0,mitigated,True,True,180.0,18.462,0.0,3,0,,,2,0,2700.0,20.1,
e1,M3,pdu_overload,1010,,650.2,True,30.0,681.0,mitigated,True,True,690.0,77.308,0.0,4,0,,,3,0,2700.0,20.1,
e1,M3,pdu_overload,1012,,405.5,True,30.0,436.0,mitigated,True,True,440.0,48.462,0.0,3,0,,,2,0,2700.0,20.1,
e1,M3,pdu_overload,1011,,216.8,True,30.0,247.0,mitigated,True,True,250.0,26.538,0.0,3,0,,,2,0,2700.0,20.3,
e1,M3,pdu_overload,1013,,935.1,True,30.0,966.0,mitigated,True,True,970.0,110.769,0.0,2,0,,,1,0,2700.0,20.2,
e1,M3,pdu_overload,1015,,522.3,True,30.0,553.0,mitigated,True,True,560.0,63.462,0.0,2,0,,,1,0,2700.0,13.5,
e1,M3,pdu_overload,1014,,635.8,True,30.0,666.0,mitigated,True,True,670.0,75.0,0.0,2,0,,,1,0,2700.0,20.1,
m1,M1,crah_fan_failure,1001,5,54.0,True,30.0,84.0,notified,True,True,110.0,47.236,47.236,1,0,,,1,0,2700.0,10.7,
e1,M3,pdu_overload,1016,,582.3,True,30.0,613.0,mitigated,True,True,620.0,69.231,0.0,2,0,,,1,0,2700.0,20.2,
e1,M3,pdu_overload,1017,,570.2,True,30.0,601.0,mitigated,True,True,610.0,68.077,0.0,3,0,,,2,0,2700.0,19.5,
e1,M3,pdu_overload,1018,,550.8,True,30.0,581.0,mitigated,True,True,590.0,66.923,0.0,2,0,,,1,0,2700.0,20.1,
e1,M3,pdu_overload,1019,,988.2,True,30.0,1019.0,mitigated,True,True,1030.0,115.897,0.0,2,0,,,1,0,2700.0,20.1,
e1,M3,pdu_overload,1020,,619.1,True,30.0,650.0,mitigated,True,True,660.0,73.846,0.0,2,0,,,1,0,2700.0,20.0,
m1,M1,crah_fan_failure,1002,5,651.9,True,30.0,682.0,notified,True,True,750.0,678.916,678.916,1,0,,,1,0,2700.0,15.2,
m1,M1,crah_fan_failure,1003,5,412.1,True,30.0,443.0,notified,True,True,510.0,397.287,397.287,1,0,,,1,0,2700.0,12.9,
m1,M1,crah_fan_failure,1005,5,208.2,True,30.0,239.0,notified,True,True,310.0,197.922,197.922,1,0,,,1,0,2700.0,10.0,
m1,M1,crah_fan_failure,1004,5,418.1,True,30.0,449.0,notified,True,True,520.0,349.928,349.928,1,0,,,1,0,2700.0,15.0,
m1,M1,crah_fan_failure,1006,5,253.3,True,30.0,284.0,notified,True,True,350.0,228.412,228.412,1,0,,,1,0,2700.0,13.0,
m1,M1,crah_fan_failure,1007,5,384.5,True,30.0,415.0,notified,True,True,430.0,301.048,301.048,1,0,,,1,0,2700.0,14.9,
m1,M1,crah_fan_failure,1008,5,69.9,True,30.0,100.0,notified,True,True,130.0,65.745,65.745,1,0,,,1,0,2700.0,14.7,
m1,M1,crah_fan_failure,1009,5,522.6,True,30.0,553.0,notified,True,True,620.0,529.794,529.794,1,0,,,1,0,2700.0,14.5,
m1,M1,crah_fan_failure,1010,5,325.1,True,30.0,356.0,notified,True,True,380.0,281.736,281.736,1,0,,,1,0,2700.0,13.8,
m1,M1,sensor_stuck,1001,5,54.0,False,,,missed,False,True,0.0,0.0,0.0,0,0,,,0,0,2700.0,14.1,
m1,M1,sensor_stuck,1003,5,412.1,False,,,missed,False,True,0.0,0.0,0.0,0,0,,,0,0,2700.0,11.4,
m1,M1,sensor_stuck,1002,5,651.9,False,,,missed,False,True,0.0,0.0,0.0,0,0,,,0,0,2700.0,14.4,
m1,M1,sensor_stuck,1004,5,418.1,False,,,missed,False,True,0.0,0.0,0.0,0,0,,,0,0,2700.0,14.6,
m1,M1,sensor_stuck,1005,5,208.2,False,,,missed,False,True,0.0,0.0,0.0,0,0,,,0,0,2700.0,14.0,
m1,M1,sensor_stuck,1006,5,253.3,False,,,missed,False,True,0.0,0.0,0.0,0,0,,,0,0,2700.0,14.6,
m1,M1,sensor_stuck,1007,5,384.5,False,,,missed,False,True,0.0,0.0,0.0,0,0,,,0,0,2700.0,10.6,
m1,M1,sensor_stuck,1010,5,325.1,False,,,missed,False,True,0.0,0.0,0.0,0,0,,,0,0,2700.0,10.9,
m1,M1,sensor_stuck,1008,5,69.9,False,,,missed,False,True,0.0,0.0,0.0,0,0,,,0,0,2700.0,14.5,
m1,M1,sensor_stuck,1009,5,522.6,False,,,missed,False,True,0.0,0.0,0.0,0,0,,,0,0,2700.0,14.3,
m1,M1,sensor_drift,1002,5,651.9,True,790.0,1442.0,notified,True,True,1450.0,121.815,0.0,1,0,,,1,0,2700.0,12.9,
m1,M1,sensor_drift,1001,5,54.0,True,810.0,864.0,notified,True,True,870.0,38.389,0.0,1,0,,,1,0,2700.0,14.4,
m1,M1,sensor_drift,1003,5,412.1,True,800.0,1213.0,notified,True,True,1220.0,83.182,0.0,1,0,,,1,0,2700.0,14.6,
m1,M1,sensor_drift,1004,5,418.1,True,790.0,1209.0,notified,True,True,1210.0,81.723,0.0,1,0,,,1,0,2700.0,14.6,
m1,M1,sensor_drift,1005,5,208.2,True,790.0,999.0,notified,True,True,1000.0,53.323,0.0,1,0,,,1,0,2700.0,13.8,
m1,M1,sensor_drift,1006,5,253.3,True,790.0,1044.0,notified,True,True,1050.0,59.224,0.0,1,0,,,1,0,2700.0,14.7,
m1,M1,sensor_drift,1007,5,384.5,True,790.0,1175.0,notified,True,True,1180.0,77.256,0.0,1,0,,,1,0,2700.0,14.2,
m1,M1,sensor_drift,1008,5,69.9,True,790.0,860.0,notified,True,True,860.0,37.432,0.0,1,0,,,1,0,2700.0,11.5,
m1,M1,pump_degradation,1001,5,54.0,False,,,missed,True,False,,255.284,0.0,0,0,,,0,0,2700.0,10.7,
m1,M1,sensor_drift,1009,5,522.6,True,790.0,1313.0,notified,True,True,1320.0,99.405,0.0,1,0,,,1,0,2700.0,14.8,
m1,M1,sensor_drift,1010,5,325.1,True,790.0,1116.0,notified,True,True,1120.0,68.543,0.0,1,0,,,1,0,2700.0,14.2,
m1,M1,pump_degradation,1002,5,651.9,False,,,missed,True,False,,255.284,0.0,0,0,,,0,0,2700.0,12.7,
m1,M1,pump_degradation,1003,5,412.1,False,,,missed,True,False,,255.284,0.0,0,0,,,0,0,2700.0,14.5,
m1,M1,pump_degradation,1004,5,418.1,False,,,missed,True,False,,255.284,0.0,0,0,,,0,0,2700.0,14.5,
m1,M1,pump_degradation,1005,5,208.2,False,,,missed,True,False,,255.284,0.0,0,0,,,0,0,2700.0,14.4,
m1,M1,pump_degradation,1006,5,253.3,False,,,missed,True,False,,255.284,0.0,0,0,,,0,0,2700.0,12.9,
m1,M1,pump_degradation,1007,5,384.5,False,,,missed,True,False,,255.284,0.0,0,0,,,0,0,2700.0,14.4,
m1,M1,pump_degradation,1008,5,69.9,False,,,missed,True,False,,255.284,0.0,0,0,,,0,0,2700.0,13.7,
m1,M1,pump_degradation,1009,5,522.6,False,,,missed,True,False,,255.284,0.0,0,0,,,0,0,2700.0,11.4,
m1,M1,chw_supply_drift,1001,5,54.0,True,280.0,334.0,notified,True,True,340.0,5.993,0.0,1,0,,,1,0,2700.0,13.3,
m1,M1,pump_degradation,1010,5,325.1,False,,,missed,True,False,,255.284,0.0,0,0,,,0,0,2700.0,14.6,
m1,M1,chw_supply_drift,1002,5,651.9,True,280.0,932.0,notified,True,True,940.0,59.116,67.325,1,0,,,1,0,2700.0,15.0,
m1,M1,chw_supply_drift,1003,5,412.1,True,290.0,703.0,notified,True,True,710.0,36.116,22.565,1,0,,,1,0,2700.0,13.9,
m1,M1,chw_supply_drift,1005,5,208.2,True,280.0,489.0,notified,True,True,490.0,15.422,0.0,1,0,,,1,0,2700.0,13.0,
m1,M1,chw_supply_drift,1004,5,418.1,True,290.0,709.0,notified,True,True,710.0,36.116,22.286,1,0,,,1,0,2700.0,14.8,
m1,M1,chw_supply_drift,1006,5,253.3,True,280.0,534.0,notified,True,True,540.0,19.537,0.0,1,0,,,1,0,2700.0,14.7,
m1,M1,chw_supply_drift,1007,5,384.5,True,280.0,665.0,notified,True,True,670.0,32.116,14.571,1,0,,,1,0,2700.0,10.4,
m1,M1,chw_supply_drift,1008,5,69.9,True,290.0,360.0,notified,True,True,370.0,7.529,0.0,1,0,,,1,0,2700.0,14.6,
m1,M1,chw_supply_drift,1009,5,522.6,True,290.0,813.0,notified,True,True,820.0,47.116,43.685,1,0,,,1,0,2700.0,11.8,
m1,M1,chw_supply_drift,1010,5,325.1,True,290.0,616.0,notified,True,True,620.0,27.116,5.877,1,0,,,1,0,2700.0,14.8,
m1,M1,rack_hotspot,1001,5,54.0,True,30.0,84.0,notified,True,True,110.0,2.284,2.284,1,0,,,1,0,2700.0,14.6,
m1,M1,rack_hotspot,1002,5,651.9,True,30.0,682.0,notified,True,True,700.0,18.373,18.373,1,0,,,1,0,2700.0,14.7,
m1,M1,rack_hotspot,1003,5,412.1,True,30.0,443.0,notified,True,True,470.0,11.807,11.807,1,0,,,1,0,2700.0,14.5,
m1,M1,rack_hotspot,1006,5,253.3,True,30.0,284.0,notified,True,True,310.0,7.352,7.352,1,0,,,1,0,2700.0,9.7,
m1,M1,rack_hotspot,1004,5,418.1,True,30.0,449.0,notified,True,True,470.0,10.44,10.44,1,0,,,1,0,2700.0,14.4,
m1,M1,rack_hotspot,1005,5,208.2,True,30.0,239.0,notified,True,True,390.0,7.488,7.488,1,0,,,1,0,2700.0,14.3,
m1,M1,rack_hotspot,1007,5,384.5,True,30.0,415.0,notified,True,True,430.0,8.993,8.993,1,0,,,1,0,2700.0,14.4,
m1,M1,rack_hotspot,1008,5,69.9,True,30.0,100.0,notified,True,True,290.0,4.376,4.376,1,0,,,1,0,2700.0,14.5,
m1,M1,ups_battery_overheat,1002,5,651.9,True,820.0,1472.0,notified,True,True,2240.0,62.846,0.0,1,0,,,1,0,2700.0,11.3,
m1,M1,rack_hotspot,1009,5,522.6,True,30.0,553.0,notified,True,True,670.0,14.974,14.974,1,0,,,1,0,2700.0,14.6,
m1,M1,ups_battery_overheat,1001,5,54.0,True,840.0,894.0,notified,True,True,1020.0,1.053,0.0,1,0,,,1,0,2700.0,12.3,
m1,M1,rack_hotspot,1010,5,325.1,True,30.0,356.0,notified,True,True,380.0,9.276,9.276,1,0,,,1,0,2700.0,14.7,
m1,M1,ups_battery_overheat,1003,5,412.1,True,750.0,1163.0,notified,True,True,1740.0,31.732,0.0,1,0,,,1,0,2700.0,14.5,
m1,M1,ups_battery_overheat,1004,5,418.1,True,830.0,1249.0,notified,True,True,1780.0,27.297,0.0,1,0,,,1,0,2700.0,11.8,
m1,M1,ups_battery_overheat,1006,5,253.3,True,720.0,974.0,notified,True,True,1400.0,15.096,0.0,1,0,,,1,0,2700.0,12.0,
m1,M1,ups_battery_overheat,1005,5,208.2,True,760.0,969.0,notified,True,True,1330.0,10.565,0.0,1,0,,,1,0,2700.0,14.5,
m1,M1,ups_battery_overheat,1007,5,384.5,True,900.0,1285.0,notified,True,True,1780.0,23.11,0.0,1,0,,,1,0,2700.0,14.3,
m1,M1,ups_battery_overheat,1008,5,69.9,True,890.0,960.0,notified,True,True,1110.0,1.704,0.0,1,0,,,1,0,2700.0,14.4,
m1,M1,ups_battery_overheat,1009,5,522.6,True,780.0,1303.0,notified,True,True,2060.0,54.481,0.0,1,0,,,1,0,2700.0,14.6,
m1,M1,pdu_overload,1001,5,54.0,True,40.0,94.0,notified,True,True,100.0,9.231,0.0,1,0,,,1,0,2700.0,10.7,
m1,M1,ups_battery_overheat,1010,5,325.1,True,1000.0,1326.0,notified,True,True,1650.0,10.98,0.0,1,0,,,1,0,2700.0,14.5,
m1,M1,pdu_overload,1002,5,651.9,True,40.0,692.0,notified,True,True,700.0,78.462,0.0,1,0,,,1,0,2700.0,13.8,
m1,M1,pdu_overload,1003,5,412.1,True,40.0,453.0,notified,True,True,460.0,50.769,0.0,1,0,,,1,0,2700.0,14.5,
m1,M1,pdu_overload,1005,5,208.2,True,40.0,249.0,notified,True,True,260.0,27.051,0.0,1,0,,,1,0,2700.0,13.5,
m1,M1,pdu_overload,1004,5,418.1,True,30.0,449.0,notified,True,True,460.0,50.128,0.0,1,0,,,1,0,2700.0,14.8,
m1,M1,pdu_overload,1006,5,253.3,True,30.0,284.0,notified,True,True,290.0,32.308,0.0,1,0,,,1,0,2700.0,14.6,
m1,M1,pdu_overload,1007,5,384.5,True,40.0,425.0,notified,True,True,430.0,47.308,0.0,1,0,,,1,0,2700.0,12.6,
m1,M1,pdu_overload,1008,5,69.9,True,40.0,110.0,notified,True,True,120.0,11.538,0.0,1,0,,,1,0,2700.0,12.1,
m1,M1,pdu_overload,1009,5,522.6,True,40.0,563.0,notified,True,True,570.0,63.462,0.0,1,0,,,1,0,2700.0,11.7,
m1,M1,pdu_overload,1010,5,325.1,True,40.0,366.0,notified,True,True,370.0,40.385,0.0,1,0,,,1,0,2700.0,14.7,
m1,M1,crah_fan_failure,1001,10,107.9,True,30.0,138.0,notified,True,True,200.0,85.694,85.694,1,0,,,1,0,2700.0,14.7,
m1,M1,crah_fan_failure,1002,10,1303.8,True,30.0,1334.0,notified,True,True,1400.0,1610.246,1610.246,1,0,,,1,0,2700.0,14.8,
m1,M1,crah_fan_failure,1003,10,824.2,True,30.0,855.0,notified,True,True,920.0,920.34,920.34,1,0,,,1,0,2700.0,14.1,
m1,M1,crah_fan_failure,1004,10,836.1,True,30.0,867.0,notified,True,True,930.0,848.523,848.523,1,0,,,1,0,2700.0,14.8,
m1,M1,crah_fan_failure,1005,10,416.4,True,30.0,447.0,notified,True,True,520.0,432.602,432.602,1,0,,,1,0,2700.0,14.5,
m1,M1,crah_fan_failure,1006,10,506.6,True,30.0,537.0,notified,True,True,610.0,499.063,499.063,1,0,,,1,0,2700.0,12.1,
m1,M1,crah_fan_failure,1007,10,768.9,True,30.0,799.0,notified,True,True,820.0,666.805,666.805,1,0,,,1,0,2700.0,11.7,
m1,M1,crah_fan_failure,1010,10,650.2,True,30.0,681.0,notified,True,True,700.0,616.333,616.333,1,0,,,1,0,2700.0,11.8,
m1,M1,crah_fan_failure,1008,10,139.8,True,30.0,170.0,notified,True,True,200.0,124.266,124.266,1,0,,,1,0,2700.0,14.6,
m1,M1,crah_fan_failure,1009,10,1045.3,True,30.0,1076.0,notified,True,True,1150.0,1278.783,1278.783,1,0,,,1,0,2700.0,14.5,
m1,M1,sensor_stuck,1001,10,107.9,False,,,missed,False,True,0.0,0.0,0.0,0,0,,,0,0,2700.0,14.2,
m1,M1,sensor_stuck,1002,10,1303.8,False,,,missed,False,True,0.0,0.0,0.0,0,0,,,0,0,2700.0,14.5,
m1,M1,sensor_stuck,1003,10,824.2,False,,,missed,False,True,0.0,0.0,0.0,0,0,,,0,0,2700.0,14.4,
m1,M1,sensor_stuck,1005,10,416.4,False,,,missed,False,True,0.0,0.0,0.0,0,0,,,0,0,2700.0,12.3,
m1,M1,sensor_stuck,1006,10,506.6,False,,,missed,False,True,0.0,0.0,0.0,0,0,,,0,0,2700.0,11.1,
m1,M1,sensor_stuck,1004,10,836.1,False,,,missed,False,True,0.0,0.0,0.0,0,0,,,0,0,2700.0,14.5,
m1,M1,sensor_stuck,1007,10,768.9,False,,,missed,False,True,0.0,0.0,0.0,0,0,,,0,0,2700.0,13.8,
m1,M1,sensor_stuck,1008,10,139.8,False,,,missed,False,True,0.0,0.0,0.0,0,0,,,0,0,2700.0,14.4,
m1,M1,sensor_stuck,1009,10,1045.3,False,,,missed,False,True,0.0,0.0,0.0,0,0,,,0,0,2700.0,14.5,
m1,M1,sensor_stuck,1010,10,650.2,False,,,missed,False,True,0.0,0.0,0.0,0,0,,,0,0,2700.0,14.6,
m1,M1,sensor_drift,1002,10,1303.8,True,790.0,2094.0,notified,True,True,2100.0,264.742,0.0,1,0,,,1,0,2700.0,9.9,
m1,M1,sensor_drift,1001,10,107.9,True,810.0,918.0,notified,True,True,920.0,43.795,0.0,1,0,,,1,0,2700.0,14.7,
m1,M1,sensor_drift,1003,10,824.2,True,800.0,1625.0,notified,True,True,1630.0,157.07,0.0,1,0,,,1,0,2700.0,14.6,
m1,M1,sensor_drift,1004,10,836.1,True,790.0,1627.0,notified,True,True,1630.0,157.384,0.0,1,0,,,1,0,2700.0,14.6,
m1,M1,sensor_drift,1005,10,416.4,True,790.0,1207.0,notified,True,True,1210.0,81.887,0.0,1,0,,,1,0,2700.0,14.8,
m1,M1,sensor_drift,1008,10,139.8,True,790.0,930.0,notified,True,True,930.0,44.907,0.0,1,0,,,1,0,2700.0,12.3,
m1,M1,sensor_drift,1006,10,506.6,True,790.0,1297.0,notified,True,True,1300.0,95.747,0.0,1,0,,,1,0,2700.0,14.7,
m1,M1,sensor_drift,1007,10,768.9,True,790.0,1559.0,notified,True,True,1560.0,142.95,0.0,1,0,,,1,0,2700.0,14.6,
m1,M1,sensor_drift,1009,10,1045.3,True,790.0,1836.0,notified,True,True,1840.0,204.629,0.0,1,0,,,1,0,2700.0,9.8,
m1,M1,sensor_drift,1010,10,650.2,True,790.0,1441.0,notified,True,True,1450.0,121.623,0.0,1,0,,,1,0,2700.0,14.6,
m1,M1,pump_degradation,1001,10,107.9,False,,,missed,True,False,,255.284,0.0,0,0,,,0,0,2700.0,14.4,
m1,M1,pump_degradation,1006,10,506.6,False,,,missed,True,False,,255.284,0.0,0,0,,,0,0,2700.0,9.7,
m1,M1,pump_degradation,1002,10,1303.8,False,,,missed,True,False,,255.284,0.0,0,0,,,0,0,2700.0,14.5,
m1,M1,pump_degradation,1003,10,824.2,False,,,missed,True,False,,255.284,0.0,0,0,,,0,0,2700.0,14.4,
m1,M1,pump_degradation,1004,10,836.1,False,,,missed,True,False,,255.284,0.0,0,0,,,0,0,2700.0,14.4,
m1,M1,pump_degradation,1005,10,416.4,False,,,missed,True,False,,255.284,0.0,0,0,,,0,0,2700.0,14.3,
m1,M1,pump_degradation,1007,10,768.9,False,,,missed,True,False,,255.284,0.0,0,0,,,0,0,2700.0,14.4,
m1,M1,pump_degradation,1008,10,139.8,False,,,missed,True,False,,255.284,0.0,0,0,,,0,0,2700.0,11.3,
m1,M1,pump_degradation,1009,10,1045.3,False,,,missed,True,False,,255.284,0.0,0,0,,,0,0,2700.0,14.5,
m1,M1,pump_degradation,1010,10,650.2,False,,,missed,True,False,,255.284,0.0,0,0,,,0,0,2700.0,14.4,
m1,M1,chw_supply_drift,1002,10,1303.8,True,280.0,1584.0,notified,True,True,1590.0,124.116,206.707,1,0,,,1,0,2700.0,13.2,
m1,M1,chw_supply_drift,1001,10,107.9,True,280.0,388.0,notified,True,True,390.0,8.65,0.0,1,0,,,1,0,2700.0,14.8,
m1,M1,chw_supply_drift,1003,10,824.2,True,290.0,1115.0,notified,True,True,1120.0,77.116,105.726,1,0,,,1,0,2700.0,15.0,
m1,M1,chw_supply_drift,1004,10,836.1,True,290.0,1127.0,notified,True,True,1130.0,78.116,106.905,1,0,,,1,0,2700.0,10.9,
m1,M1,chw_supply_drift,1005,10,416.4,True,280.0,697.0,notified,True,True,700.0,35.116,20.712,1,0,,,1,0,2700.0,14.9,
m1,M1,chw_supply_drift,1007,10,768.9,True,280.0,1049.0,notified,True,True,1050.0,70.116,87.99,1,0,,,1,0,2700.0,12.1,
m1,M1,chw_supply_drift,1006,10,506.6,True,280.0,787.0,notified,True,True,790.0,44.116,38.095,1,0,,,1,0,2700.0,15.0,
m1,M1,chw_supply_drift,1008,10,139.8,True,290.0,430.0,notified,True,True,440.0,11.793,0.0,1,0,,,1,0,2700.0,13.9,
m1,M1,chw_supply_drift,1009,10,1045.3,True,290.0,1336.0,notified,True,True,1340.0,99.116,153.344,1,0,,,1,0,2700.0,14.6,
m1,M1,chw_supply_drift,1010,10,650.2,True,290.0,941.0,notified,True,True,950.0,60.116,66.842,1,0,,,1,0,2700.0,14.8,
m1,M1,rack_hotspot,1001,10,107.9,True,30.0,138.0,notified,True,True,160.0,3.703,3.703,1,0,,,1,0,2700.0,14.4,
m1,M1,rack_hotspot,1002,10,1303.8,True,30.0,1334.0,notified,True,True,1360.0,35.149,35.149,1,0,,,1,0,2700.0,14.4,
m1,M1,rack_hotspot,1003,10,824.2,True,30.0,855.0,notified,True,True,880.0,22.577,22.577,1,0,,,1,0,2700.0,12.8,
m1,M1,rack_hotspot,1006,10,506.6,True,30.0,537.0,notified,True,True,560.0,13.559,13.559,1,0,,,1,0,2700.0,9.8,
m1,M1,rack_hotspot,1004,10,836.1,True,30.0,867.0,notified,True,True,890.0,21.262,21.262,1,0,,,1,0,2700.0,14.0,
m1,M1,rack_hotspot,1005,10,416.4,True,30.0,447.0,notified,True,True,580.0,13.298,13.298,1,0,,,1,0,2700.0,14.4,
m1,M1,rack_hotspot,1007,10,768.9,True,30.0,799.0,notified,True,True,810.0,16.473,16.473,1,0,,,1,0,2700.0,14.4,
m1,M1,rack_hotspot,1008,10,139.8,True,30.0,170.0,notified,True,True,350.0,6.522,6.522,1,0,,,1,0,2700.0,14.5,
m1,M1,rack_hotspot,1010,10,650.2,True,30.0,681.0,notified,True,True,690.0,16.924,16.924,1,0,,,1,0,2700.0,12.3,
m1,M1,rack_hotspot,1009,10,1045.3,True,30.0,1076.0,notified,True,True,1160.0,28.892,28.892,1,0,,,1,0,2700.0,14.5,
m1,M1,ups_battery_overheat,1001,10,107.9,True,840.0,948.0,notified,True,True,1150.0,3.045,0.0,1,0,,,1,0,2700.0,14.0,
m1,M1,ups_battery_overheat,1002,10,1303.8,True,820.0,2124.0,notified,True,False,,173.973,0.0,1,0,,,1,0,2700.0,12.9,
m1,M1,ups_battery_overheat,1004,10,836.1,True,830.0,1667.0,notified,True,True,2520.0,85.645,0.0,1,0,,,1,0,2700.0,10.7,
m1,M1,ups_battery_overheat,1003,10,824.2,True,750.0,1575.0,notified,True,True,2480.0,94.838,0.0,1,0,,,1,0,2700.0,14.4,
m1,M1,ups_battery_overheat,1005,10,416.4,True,760.0,1177.0,notified,True,True,1740.0,30.29,0.0,1,0,,,1,0,2700.0,14.6,
m1,M1,ups_battery_overheat,1006,10,506.6,True,720.0,1227.0,notified,True,True,1930.0,48.019,0.0,1,0,,,1,0,2700.0,14.7,
m1,M1,ups_battery_overheat,1007,10,768.9,True,900.0,1669.0,notified,True,True,2500.0,77.218,0.0,1,0,,,1,0,2700.0,14.6,
m1,M1,ups_battery_overheat,1008,10,139.8,True,890.0,1030.0,notified,True,True,1260.0,4.5,0.0,1,0,,,1,0,2700.0,13.6,
m1,M1,pdu_overload,1001,10,107.9,True,40.0,148.0,notified,True,True,150.0,15.0,0.0,1,0,,,1,0,2700.0,11.1,
m1,M1,ups_battery_overheat,1009,10,1045.3,True,780.0,1826.0,notified,True,False,,160.992,0.0,1,0,,,1,0,2700.0,14.8,
m1,M1,ups_battery_overheat,1010,10,650.2,True,1000.0,1651.0,notified,True,True,2230.0,38.579,0.0,1,0,,,1,0,2700.0,13.1,
m1,M1,pdu_overload,1002,10,1303.8,True,40.0,1344.0,notified,True,True,1350.0,153.462,0.0,1,0,,,1,0,2700.0,14.5,
m1,M1,pdu_overload,1003,10,824.2,True,40.0,865.0,notified,True,True,870.0,98.077,0.0,1,0,,,1,0,2700.0,14.4,
m1,M1,pdu_overload,1006,10,506.6,True,30.0,537.0,notified,True,True,540.0,61.154,0.0,1,0,,,1,0,2700.0,12.3,
m1,M1,pdu_overload,1004,10,836.1,True,30.0,867.0,notified,True,True,870.0,98.077,0.0,1,0,,,1,0,2700.0,14.7,
m1,M1,pdu_overload,1005,10,416.4,True,40.0,457.0,notified,True,True,460.0,50.769,0.0,1,0,,,1,0,2700.0,14.5,
m1,M1,pdu_overload,1008,10,139.8,True,40.0,180.0,notified,True,True,190.0,19.615,0.0,1,0,,,1,0,2700.0,11.5,
m1,M1,pdu_overload,1007,10,768.9,True,40.0,809.0,notified,True,True,820.0,91.667,0.0,1,0,,,1,0,2700.0,14.6,
m1,M1,pdu_overload,1009,10,1045.3,True,40.0,1086.0,notified,True,True,1090.0,123.462,0.0,1,0,,,1,0,2700.0,14.6,
m1,M1,crah_fan_failure,1004,20,1672.3,True,30.0,1703.0,notified,True,True,1770.0,2149.671,2149.671,1,0,,,1,0,2700.0,11.3,
m1,M1,pdu_overload,1010,10,650.2,True,40.0,691.0,notified,True,True,700.0,78.462,0.0,1,0,,,1,0,2700.0,14.4,
m1,M1,crah_fan_failure,1003,20,1648.4,True,30.0,1679.0,notified,True,True,1750.0,2222.102,2222.102,1,0,,,1,0,2700.0,13.0,
m1,M1,crah_fan_failure,1002,20,2607.7,True,30.0,2638.0,notified,True,False,,3908.319,3908.319,1,0,,,1,0,2700.0,14.1,
m1,M1,crah_fan_failure,1001,20,215.9,True,30.0,246.0,notified,True,True,270.0,173.871,173.871,1,0,,,1,0,2700.0,14.5,
m1,M1,crah_fan_failure,1005,20,832.7,True,30.0,863.0,notified,True,True,930.0,1020.227,1020.227,1,0,,,1,0,2700.0,14.9,
m1,M1,crah_fan_failure,1006,20,1013.2,True,30.0,1044.0,notified,True,True,1110.0,1140.541,1140.541,1,0,,,1,0,2700.0,14.9,
m1,M1,sensor_stuck,1001,20,215.9,False,,,missed,False,True,0.0,0.0,0.0,0,0,,,0,0,2700.0,11.4,
m1,M1,crah_fan_failure,1009,20,2090.6,True,30.0,2121.0,notified,True,True,2190.0,3071.983,3071.983,1,0,,,1,0,2700.0,12.6,
m1,M1,crah_fan_failure,1007,20,1537.8,True,30.0,1568.0,notified,True,True,1640.0,1577.552,1577.552,1,0,,,1,0,2700.0,14.8,
m1,M1,crah_fan_failure,1008,20,279.6,True,30.0,310.0,notified,True,True,380.0,268.797,268.797,1,0,,,1,0,2700.0,14.7,
m1,M1,crah_fan_failure,1010,20,1300.5,True,30.0,1331.0,notified,True,True,1350.0,1257.858,1257.858,1,0,,,1,0,2700.0,14.0,
m1,M1,sensor_stuck,1002,20,2607.7,False,,,missed,False,True,0.0,0.0,0.0,0,0,,,0,0,2700.0,13.2,
m1,M1,sensor_stuck,1004,20,1672.3,False,,,missed,False,True,0.0,0.0,0.0,0,0,,,0,0,2700.0,13.1,
m1,M1,sensor_stuck,1003,20,1648.4,False,,,missed,False,True,0.0,0.0,0.0,0,0,,,0,0,2700.0,14.2,
m1,M1,sensor_stuck,1006,20,1013.2,False,,,missed,False,True,0.0,0.0,0.0,0,0,,,0,0,2700.0,13.4,
m1,M1,sensor_stuck,1005,20,832.7,False,,,missed,False,True,0.0,0.0,0.0,0,0,,,0,0,2700.0,14.2,
m1,M1,sensor_stuck,1009,20,2090.6,False,,,missed,False,True,0.0,0.0,0.0,0,0,,,0,0,2700.0,10.6,
m1,M1,sensor_stuck,1007,20,1537.8,False,,,missed,False,True,0.0,0.0,0.0,0,0,,,0,0,2700.0,14.3,
m1,M1,sensor_stuck,1008,20,279.6,False,,,missed,False,True,0.0,0.0,0.0,0,0,,,0,0,2700.0,14.3,
m1,M1,sensor_drift,1001,20,215.9,True,810.0,1026.0,notified,True,True,1030.0,56.833,0.0,1,0,,,1,0,2700.0,12.3,
m1,M1,sensor_drift,1002,20,2607.7,True,790.0,,notified,True,False,,407.125,0.0,1,0,,,1,0,2700.0,12.8,
m1,M1,sensor_stuck,1010,20,1300.5,False,,,missed,False,True,0.0,0.0,0.0,0,0,,,0,0,2700.0,14.4,
m1,M1,sensor_drift,1004,20,1672.3,True,790.0,2463.0,notified,True,True,2470.0,351.189,0.0,1,0,,,1,0,2700.0,12.8,
m1,M1,sensor_drift,1003,20,1648.4,True,800.0,2449.0,notified,True,True,2450.0,346.389,0.0,1,0,,,1,0,2700.0,14.6,
m1,M1,sensor_drift,1005,20,832.7,True,790.0,1623.0,notified,True,True,1630.0,157.432,0.0,1,0,,,1,0,2700.0,14.5,
m1,M1,sensor_drift,1006,20,1013.2,True,790.0,1804.0,notified,True,True,1810.0,197.009,0.0,1,0,,,1,0,2700.0,14.9,
m1,M1,sensor_drift,1007,20,1537.8,True,790.0,2328.0,notified,True,True,2330.0,318.567,0.0,1,0,,,1,0,2700.0,12.3,
m1,M1,sensor_drift,1009,20,2090.6,True,790.0,,notified,True,False,,407.988,0.0,1,0,,,1,0,2700.0,12.6,
m1,M1,sensor_drift,1008,20,279.6,True,790.0,1070.0,notified,True,True,1070.0,61.912,0.0,1,0,,,1,0,2700.0,14.6,
m1,M1,pump_degradation,1003,20,1648.4,False,,,missed,True,False,,255.284,0.0,0,0,,,0,0,2700.0,10.9,
m1,M1,sensor_drift,1010,20,1300.5,True,790.0,2091.0,notified,True,True,2100.0,264.65,0.0,1,0,,,1,0,2700.0,14.2,
m1,M1,pump_degradation,1001,20,215.9,False,,,missed,True,False,,255.284,0.0,0,0,,,0,0,2700.0,14.5,
m1,M1,pump_degradation,1002,20,2607.7,False,,,missed,True,False,,255.284,0.0,0,0,,,0,0,2700.0,14.3,
m1,M1,pump_degradation,1006,20,1013.2,False,,,missed,True,False,,255.284,0.0,0,0,,,0,0,2700.0,10.4,
m1,M1,pump_degradation,1004,20,1672.3,False,,,missed,True,False,,255.284,0.0,0,0,,,0,0,2700.0,14.3,
m1,M1,pump_degradation,1005,20,832.7,False,,,missed,True,False,,255.284,0.0,0,0,,,0,0,2700.0,14.2,
m1,M1,pump_degradation,1008,20,279.6,False,,,missed,True,False,,255.284,0.0,0,0,,,0,0,2700.0,13.6,
m1,M1,pump_degradation,1007,20,1537.8,False,,,missed,True,False,,255.284,0.0,0,0,,,0,0,2700.0,14.2,
m1,M1,pump_degradation,1009,20,2090.6,False,,,missed,True,False,,255.284,0.0,0,0,,,0,0,2700.0,14.2,
m1,M1,pump_degradation,1010,20,1300.5,False,,,missed,True,False,,255.284,0.0,0,0,,,0,0,2700.0,14.2,
m1,M1,chw_supply_drift,1001,20,215.9,True,280.0,496.0,notified,True,True,500.0,16.206,0.0,1,0,,,1,0,2700.0,12.4,
m1,M1,chw_supply_drift,1002,20,2607.7,True,280.0,,notified,True,False,,236.116,454.518,1,0,,,1,0,2700.0,15.6,
m1,M1,chw_supply_drift,1003,20,1648.4,True,290.0,1939.0,notified,True,True,1940.0,159.116,285.05,1,0,,,1,0,2700.0,14.1,
m1,M1,chw_supply_drift,1006,20,1013.2,True,280.0,1294.0,notified,True,True,1300.0,95.116,145.081,1,0,,,1,0,2700.0,13.2,
m1,M1,chw_supply_drift,1004,20,1672.3,True,290.0,1963.0,notified,True,True,1970.0,162.116,290.305,1,0,,,1,0,2700.0,15.4,
m1,M1,chw_supply_drift,1005,20,832.7,True,280.0,1113.0,notified,True,True,1120.0,77.116,105.743,1,0,,,1,0,2700.0,15.2,
m1,M1,chw_supply_drift,1008,20,279.6,True,290.0,570.0,notified,True,True,580.0,23.18,0.588,1,0,,,1,0,2700.0,9.9,
m1,M1,chw_supply_drift,1007,20,1537.8,True,280.0,1818.0,notified,True,True,1820.0,147.116,253.69,1,0,,,1,0,2700.0,15.4,
m1,M1,chw_supply_drift,1010,20,1300.5,True,290.0,1591.0,notified,True,True,1600.0,125.116,202.414,1,0,,,1,0,2700.0,14.6,
m1,M1,chw_supply_drift,1009,20,2090.6,True,290.0,2381.0,notified,True,True,2390.0,204.116,385.23,1,0,,,1,0,2700.0,15.4,
m1,M1,rack_hotspot,1001,20,215.9,True,30.0,246.0,notified,True,True,270.0,6.425,6.425,1,0,,,1,0,2700.0,14.5,
m1,M1,rack_hotspot,1004,20,1672.3,True,30.0,1703.0,notified,True,True,1730.0,43.797,43.797,1,0,,,1,0,2700.0,11.4,
m1,M1,rack_hotspot,1002,20,2607.7,True,30.0,2638.0,notified,True,False,,70.148,70.148,1,0,,,1,0,2700.0,14.8,
m1,M1,rack_hotspot,1003,20,1648.4,True,30.0,1679.0,notified,True,True,1700.0,44.415,44.415,1,0,,,1,0,2700.0,14.6,
m1,M1,rack_hotspot,1005,20,832.7,True,30.0,863.0,notified,True,True,940.0,24.877,24.877,1,0,,,1,0,2700.0,14.8,
m1,M1,rack_hotspot,1007,20,1537.8,True,30.0,1568.0,notified,True,True,1590.0,32.856,32.856,1,0,,,1,0,2700.0,9.7,
m1,M1,rack_hotspot,1006,20,1013.2,True,30.0,1044.0,notified,True,True,1070.0,25.782,25.782,1,0,,,1,0,2700.0,14.5,
m1,M1,rack_hotspot,1008,20,279.6,True,30.0,310.0,notified,True,True,450.0,10.605,10.605,1,0,,,1,0,2700.0,14.4,
m1,M1,rack_hotspot,1009,20,2090.6,True,30.0,2121.0,notified,True,True,2140.0,55.142,55.142,1,0,,,1,0,2700.0,14.8,
m1,M1,ups_battery_overheat,1002,20,2607.7,True,820.0,,notified,True,False,,213.45,0.0,1,0,,,1,0,2700.0,11.0,
m1,M1,rack_hotspot,1010,20,1300.5,True,30.0,1331.0,notified,True,True,1340.0,27.722,27.722,1,0,,,1,0,2700.0,14.6,
m1,M1,ups_battery_overheat,1001,20,215.9,True,840.0,1056.0,notified,True,True,1400.0,9.664,0.0,1,0,,,1,0,2700.0,14.6,
m1,M1,ups_battery_overheat,1003,20,1648.4,True,750.0,2399.0,notified,True,False,,206.298,0.0,1,0,,,1,0,2700.0,14.5,
m1,M1,ups_battery_overheat,1007,20,1537.8,True,900.0,2438.0,notified,True,False,,189.23,0.0,1,0,,,1,0,2700.0,9.7,
m1,M1,ups_battery_overheat,1004,20,1672.3,True,830.0,2503.0,notified,True,False,,190.043,0.0,1,0,,,1,0,2700.0,14.6,
m1,M1,ups_battery_overheat,1005,20,832.7,True,760.0,1593.0,notified,True,True,2460.0,88.538,0.0,1,0,,,1,0,2700.0,13.7,
m1,M1,ups_battery_overheat,1006,20,1013.2,True,720.0,1734.0,notified,True,False,,139.681,0.0,1,0,,,1,0,2700.0,14.5,
m1,M1,ups_battery_overheat,1008,20,279.6,True,890.0,1170.0,notified,True,True,1540.0,12.766,0.0,1,0,,,1,0,2700.0,14.5,
m1,M1,ups_battery_overheat,1009,20,2090.6,True,780.0,,notified,True,False,,247.942,0.0,1,0,,,1,0,2700.0,14.5,
m1,M1,pdu_overload,1001,20,215.9,True,40.0,256.0,notified,True,True,260.0,27.692,0.0,1,0,,,1,0,2700.0,10.5,
m1,M1,ups_battery_overheat,1010,20,1300.5,True,1000.0,2301.0,notified,True,False,,114.878,0.0,1,0,,,1,0,2700.0,14.9,
m1,M1,pdu_overload,1002,20,2607.7,True,40.0,2648.0,notified,True,True,2650.0,303.462,0.0,1,0,,,1,0,2700.0,14.6,
m1,M1,pdu_overload,1003,20,1648.4,True,40.0,1689.0,notified,True,True,1700.0,193.205,0.0,1,0,,,1,0,2700.0,14.5,
m1,M1,pdu_overload,1004,20,1672.3,True,30.0,1703.0,notified,True,True,1710.0,195.0,0.0,1,0,,,1,0,2700.0,14.9,
m1,M1,pdu_overload,1005,20,832.7,True,40.0,873.0,notified,True,True,880.0,99.231,0.0,1,0,,,1,0,2700.0,14.7,
m1,M1,pdu_overload,1006,20,1013.2,True,30.0,1044.0,notified,True,True,1050.0,120.0,0.0,1,0,,,1,0,2700.0,14.7,
m1,M1,pdu_overload,1007,20,1537.8,True,40.0,1578.0,notified,True,True,1580.0,180.0,0.0,1,0,,,1,0,2700.0,9.8,
m1,M1,pdu_overload,1008,20,279.6,True,40.0,320.0,notified,True,True,330.0,35.769,0.0,1,0,,,1,0,2700.0,14.8,
m1,M1,pdu_overload,1009,20,2090.6,True,40.0,2131.0,notified,True,True,2140.0,244.615,0.0,1,0,,,1,0,2700.0,12.6,
m1,M1,crah_fan_failure,1004,30,2508.4,True,30.0,2539.0,notified,True,True,2610.0,3696.954,3696.954,1,0,,,1,0,2700.0,11.4,
m1,M1,pdu_overload,1010,20,1300.5,True,40.0,1341.0,notified,True,True,1350.0,153.462,0.0,1,0,,,1,0,2700.0,14.8,
m1,M1,crah_fan_failure,1001,30,323.8,True,30.0,354.0,notified,True,True,380.0,277.427,277.427,1,0,,,1,0,2700.0,14.9,
m1,M1,crah_fan_failure,1002,30,3911.5,True,30.0,,notified,True,False,,3992.339,3992.339,1,0,,,1,0,2700.0,14.9,
m1,M1,crah_fan_failure,1003,30,2472.6,True,30.0,2503.0,notified,True,True,2570.0,3726.222,3726.222,1,0,,,1,0,2700.0,14.9,
m1,M1,crah_fan_failure,1007,30,2306.7,True,30.0,2337.0,notified,True,True,2410.0,2815.063,2815.063,1,0,,,1,0,2700.0,9.9,
m1,M1,crah_fan_failure,1005,30,1249.1,True,30.0,1280.0,notified,True,True,1350.0,1688.573,1688.573,1,0,,,1,0,2700.0,14.8,
m1,M1,crah_fan_failure,1006,30,1519.8,True,30.0,1550.0,notified,True,True,1620.0,1866.643,1866.643,1,0,,,1,0,2700.0,14.8,
m1,M1,crah_fan_failure,1008,30,419.4,True,30.0,450.0,notified,True,True,520.0,440.848,440.848,1,0,,,1,0,2700.0,13.8,
m1,M1,crah_fan_failure,1009,30,3135.8,True,30.0,,notified,True,False,,4070.8,4070.8,1,0,,,1,0,2700.0,14.3,
m1,M1,sensor_stuck,1001,30,323.8,False,,,missed,False,True,0.0,0.0,0.0,0,0,,,0,0,2700.0,14.7,
m1,M1,crah_fan_failure,1010,30,1950.7,True,30.0,1981.0,notified,True,True,2000.0,1872.425,1872.425,1,0,,,1,0,2700.0,15.0,
m1,M1,sensor_stuck,1002,30,3911.5,False,,,missed,False,True,0.0,0.0,0.0,0,0,,,0,0,2700.0,13.5,
m1,M1,sensor_stuck,1003,30,2472.6,False,,,missed,False,True,0.0,0.0,0.0,0,0,,,0,0,2700.0,13.4,
m1,M1,sensor_stuck,1005,30,1249.1,False,,,missed,False,True,0.0,0.0,0.0,0,0,,,0,0,2700.0,11.2,
m1,M1,sensor_stuck,1004,30,2508.4,False,,,missed,False,True,0.0,0.0,0.0,0,0,,,0,0,2700.0,14.6,
m1,M1,sensor_stuck,1006,30,1519.8,False,,,missed,False,True,0.0,0.0,0.0,0,0,,,0,0,2700.0,14.5,
m1,M1,sensor_stuck,1007,30,2306.7,False,,,missed,False,True,0.0,0.0,0.0,0,0,,,0,0,2700.0,14.6,
m1,M1,sensor_stuck,1008,30,419.4,False,,,missed,False,True,0.0,0.0,0.0,0,0,,,0,0,2700.0,14.6,
m1,M1,sensor_stuck,1010,30,1950.7,False,,,missed,False,True,0.0,0.0,0.0,0,0,,,0,0,2700.0,9.6,
m1,M1,sensor_stuck,1009,30,3135.8,False,,,missed,False,True,0.0,0.0,0.0,0,0,,,0,0,2700.0,14.4,
m1,M1,sensor_drift,1001,30,323.8,True,810.0,1134.0,notified,True,True,1140.0,71.568,0.0,1,0,,,1,0,2700.0,14.7,
m1,M1,sensor_drift,1002,30,3911.5,True,790.0,,notified,True,False,,407.125,0.0,1,0,,,1,0,2700.0,14.5,
m1,M1,sensor_drift,1006,30,1519.8,True,790.0,2310.0,notified,True,True,2310.0,313.748,0.0,1,0,,,1,0,2700.0,10.3,
m1,M1,sensor_drift,1004,30,2508.4,True,790.0,,notified,True,False,,407.182,0.0,1,0,,,1,0,2700.0,12.8,
m1,M1,sensor_drift,1003,30,2472.6,True,800.0,,notified,True,False,,407.167,0.0,1,0,,,1,0,2700.0,14.7,
m1,M1,sensor_drift,1005,30,1249.1,True,790.0,2040.0,notified,True,True,2040.0,251.034,0.0,1,0,,,1,0,2700.0,14.4,
m1,M1,sensor_drift,1007,30,2306.7,True,790.0,,notified,True,False,,407.216,0.0,1,0,,,1,0,2700.0,14.4,
m1,M1,sensor_drift,1009,30,3135.8,True,790.0,,notified,True,False,,407.988,0.0,1,0,,,1,0,2700.0,14.4,
m1,M1,sensor_drift,1008,30,419.4,True,790.0,1210.0,notified,True,True,1210.0,81.672,0.0,1,0,,,1,0,2700.0,14.8,
m1,M1,pump_degradation,1001,30,323.8,False,,,missed,True,False,,255.284,0.0,0,0,,,0,0,2700.0,11.0,
m1,M1,sensor_drift,1010,30,1950.7,True,790.0,,notified,True,False,,407.103,0.0,1,0,,,1,0,2700.0,14.7,
m1,M1,pump_degradation,1003,30,2472.6,False,,,missed,True,False,,255.284,0.0,0,0,,,0,0,2700.0,12.7,
m1,M1,pump_degradation,1002,30,3911.5,False,,,missed,True,False,,255.284,0.0,0,0,,,0,0,2700.0,14.4,
m1,M1,pump_degradation,1004,30,2508.4,False,,,missed,True,False,,255.284,0.0,0,0,,,0,0,2700.0,13.3,
m1,M1,pump_degradation,1007,30,2306.7,False,,,missed,True,False,,255.284,0.0,0,0,,,0,0,2700.0,12.4,
m1,M1,pump_degradation,1006,30,1519.8,False,,,missed,True,False,,255.284,0.0,0,0,,,0,0,2700.0,13.7,
m1,M1,pump_degradation,1005,30,1249.1,False,,,missed,True,False,,255.284,0.0,0,0,,,0,0,2700.0,14.6,
m1,M1,pump_degradation,1008,30,419.4,False,,,missed,True,False,,255.284,0.0,0,0,,,0,0,2700.0,14.4,
m1,M1,pump_degradation,1009,30,3135.8,False,,,missed,True,False,,255.284,0.0,0,0,,,0,0,2700.0,13.2,
m1,M1,pump_degradation,1010,30,1950.7,False,,,missed,True,False,,255.284,0.0,0,0,,,0,0,2700.0,12.0,
m1,M1,chw_supply_drift,1001,30,323.8,True,280.0,604.0,notified,True,True,610.0,26.116,4.347,1,0,,,1,0,2700.0,14.7,
m1,M1,chw_supply_drift,1004,30,2508.4,True,290.0,,notified,True,False,,236.116,454.35,1,0,,,1,0,2700.0,11.0,
m1,M1,chw_supply_drift,1002,30,3911.5,True,280.0,,notified,True,False,,236.116,454.518,1,0,,,1,0,2700.0,15.7,
m1,M1,chw_supply_drift,1003,30,2472.6,True,290.0,,notified,True,False,,236.116,455.5,1,0,,,1,0,2700.0,15.6,
m1,M1,chw_supply_drift,1005,30,1249.1,True,280.0,1530.0,notified,True,True,1540.0,119.116,196.769,1,0,,,1,0,2700.0,15.1,
m1,M1,chw_supply_drift,1006,30,1519.8,True,280.0,1800.0,notified,True,True,1810.0,146.116,257.077,1,0,,,1,0,2700.0,15.3,
m1,M1,chw_supply_drift,1007,30,2306.7,True,280.0,2587.0,notified,True,True,2590.0,224.116,424.03,1,0,,,1,0,2700.0,15.7,
m1,M1,chw_supply_drift,1009,30,3135.8,True,290.0,,notified,True,False,,236.116,456.184,1,0,,,1,0,2700.0,10.4,
m1,M1,chw_supply_drift,1008,30,419.4,True,290.0,710.0,notified,True,True,720.0,37.116,23.689,1,0,,,1,0,2700.0,14.9,
m1,M1,rack_hotspot,1001,30,323.8,True,30.0,354.0,notified,True,True,370.0,9.125,9.125,1,0,,,1,0,2700.0,14.7,
m1,M1,chw_supply_drift,1010,30,1950.7,True,290.0,2241.0,notified,True,True,2250.0,190.116,343.445,1,0,,,1,0,2700.0,15.6,
m1,M1,rack_hotspot,1005,30,1249.1,True,30.0,1280.0,notified,True,True,1300.0,35.721,35.721,1,0,,,1,0,2700.0,9.9,
m1,M1,rack_hotspot,1002,30,3911.5,True,30.0,,notified,True,False,,71.452,71.452,1,0,,,1,0,2700.0,14.6,
m1,M1,rack_hotspot,1003,30,2472.6,True,30.0,2503.0,notified,True,True,2530.0,66.601,66.601,1,0,,,1,0,2700.0,14.8,
m1,M1,rack_hotspot,1004,30,2508.4,True,30.0,2539.0,notified,True,True,2700.0,68.22,68.22,1,0,,,1,0,2700.0,14.5,
m1,M1,rack_hotspot,1006,30,1519.8,True,30.0,1550.0,notified,True,True,1570.0,37.742,37.742,1,0,,,1,0,2700.0,11.9,
m1,M1,rack_hotspot,1007,30,2306.7,True,30.0,2337.0,notified,True,True,2440.0,52.9,52.9,1,0,,,1,0,2700.0,14.3,
m1,M1,rack_hotspot,1008,30,419.4,True,30.0,450.0,notified,True,True,580.0,14.755,14.755,1,0,,,1,0,2700.0,14.3,
m1,M1,rack_hotspot,1010,30,1950.7,True,30.0,1981.0,notified,True,True,1990.0,34.914,34.914,1,0,,,1,0,2700.0,13.1,
m1,M1,rack_hotspot,1009,30,3135.8,True,30.0,,notified,True,False,,69.332,69.332,1,0,,,1,0,2700.0,14.1,
m1,M1,ups_battery_overheat,1001,30,323.8,True,840.0,1164.0,notified,True,True,1620.0,19.055,0.0,1,0,,,1,0,2700.0,14.3,
m1,M1,ups_battery_overheat,1002,30,3911.5,True,820.0,,notified,True,False,,213.45,0.0,1,0,,,1,0,2700.0,14.4,
m1,M1,ups_battery_overheat,1003,30,2472.6,True,750.0,,notified,True,False,,216.786,0.0,1,0,,,1,0,2700.0,12.0,
m1,M1,ups_battery_overheat,1004,30,2508.4,True,830.0,,notified,True,False,,194.706,0.0,1,0,,,1,0,2700.0,12.8,
m1,M1,ups_battery_overheat,1005,30,1249.1,True,760.0,2010.0,notified,True,False,,159.419,0.0,1,0,,,1,0,2700.0,12.5,
m1,M1,ups_battery_overheat,1007,30,2306.7,True,900.0,,notified,True,False,,198.657,0.0,1,0,,,1,0,2700.0,12.4,
m1,M1,ups_battery_overheat,1006,30,1519.8,True,720.0,2240.0,notified,True,False,,213.581,0.0,1,0,,,1,0,2700.0,14.4,
m1,M1,ups_battery_overheat,1008,30,419.4,True,890.0,1310.0,notified,True,True,1800.0,24.199,0.0,1,0,,,1,0,2700.0,14.6,
m1,M1,ups_battery_overheat,1009,30,3135.8,True,780.0,,notified,True,False,,247.942,0.0,1,0,,,1,0,2700.0,14.7,
m1,M1,ups_battery_overheat,1010,30,1950.7,True,1000.0,,notified,True,False,,132.641,0.0,1,0,,,1,0,2700.0,14.6,
m1,M1,pdu_overload,1003,30,2472.6,True,40.0,2513.0,notified,True,True,2520.0,288.462,0.0,1,0,,,1,0,2700.0,9.9,
m1,M1,pdu_overload,1001,30,323.8,True,40.0,364.0,notified,True,True,370.0,40.385,0.0,1,0,,,1,0,2700.0,14.7,
m1,M1,pdu_overload,1002,30,3911.5,True,40.0,,notified,True,False,,310.385,0.0,1,0,,,1,0,2700.0,14.8,
m1,M1,pdu_overload,1004,30,2508.4,True,30.0,2539.0,notified,True,True,2550.0,291.282,0.0,1,0,,,1,0,2700.0,14.8,
m1,M1,pdu_overload,1005,30,1249.1,True,40.0,1290.0,notified,True,True,1300.0,147.692,0.0,1,0,,,1,0,2700.0,14.9,
m1,M1,pdu_overload,1006,30,1519.8,True,30.0,1550.0,notified,True,True,1560.0,178.846,0.0,1,0,,,1,0,2700.0,14.7,
m1,M1,pdu_overload,1008,30,419.4,True,40.0,460.0,notified,True,True,470.0,51.923,0.0,1,0,,,1,0,2700.0,9.8,
m1,M1,pdu_overload,1007,30,2306.7,True,40.0,2347.0,notified,True,True,2350.0,268.846,0.0,1,0,,,1,0,2700.0,14.4,
m1,M1,pdu_overload,1009,30,3135.8,True,40.0,,notified,True,False,,310.385,0.0,1,0,,,1,0,2700.0,14.6,
m1,M1,pdu_overload,1010,30,1950.7,True,40.0,1991.0,notified,True,True,2000.0,228.462,0.0,1,0,,,1,0,2700.0,14.7,
e4_surge,M1,load_surge,1004,,836.1,,,,,,,,,0.0,0,,0,0,0,0,,9.7,
e4_surge,M1,load_surge,1001,,107.9,,,,,,,,,0.0,0,,0,0,0,0,,14.5,
e4_surge,M1,load_surge,1002,,1303.8,,,,,,,,,0.0,0,,0,0,0,0,,14.5,
e4_surge,M1,load_surge,1003,,824.2,,,,,,,,,0.0,0,,0,0,0,0,,14.7,
e4_surge,M1,load_surge,1005,,416.4,,,,,,,,,0.0,0,,0,0,0,0,,14.5,
e4_surge,M1,load_surge,1008,,139.8,,,,,,,,,0.0,0,,0,0,0,0,,12.0,
e4_surge,M1,load_surge,1006,,506.6,,,,,,,,,0.0,0,,0,0,0,0,,14.4,
e4_surge,M1,load_surge,1007,,768.9,,,,,,,,,0.0,0,,0,0,0,0,,14.5,
e4_surge,M1,load_surge,1011,,216.8,,,,,,,,,0.0,0,,0,0,0,0,,10.1,
e4_surge,M1,load_surge,1009,,1045.3,,,,,,,,,0.0,0,,0,0,0,0,,14.5,
e4_surge,M1,load_surge,1010,,650.2,,,,,,,,,0.0,0,,0,0,0,0,,14.5,
e4_surge,M1,load_surge,1012,,405.5,,,,,,,,,0.0,0,,0,0,0,0,,14.5,
e4_surge,M1,load_surge,1016,,582.3,,,,,,,,,0.0,0,,0,0,0,0,,10.8,
e4_surge,M1,load_surge,1014,,635.8,,,,,,,,,0.0,0,,0,0,0,0,,13.1,
e4_surge,M1,load_surge,1013,,935.1,,,,,,,,,0.0,0,,0,0,0,0,,14.3,
e4_surge,M1,load_surge,1015,,522.3,,,,,,,,,0.0,0,,0,0,0,0,,13.6,
e4_surge,M1,load_surge,1017,,570.2,,,,,,,,,0.0,0,,0,0,0,0,,14.6,
e4_surge,M1,load_surge,1018,,550.8,,,,,,,,,0.0,0,,0,0,0,0,,14.7,
e4_surge,M1,load_surge,1019,,988.2,,,,,,,,,0.0,0,,0,0,0,0,,14.4,
e4_surge,M1,load_surge,1020,,619.1,,,,,,,,,0.0,0,,0,0,0,0,,11.5,
e4_surge,M2,load_surge,1003,,824.2,,,,,,,,,0.0,0,,0,0,0,0,,13.1,
e4_surge,M2,load_surge,1001,,107.9,,,,,,,,,0.0,0,,0,0,0,0,,14.5,
e4_surge,M2,load_surge,1002,,1303.8,,,,,,,,,0.0,0,,0,0,0,0,,14.5,
e4_surge,M2,load_surge,1004,,836.1,,,,,,,,,0.0,0,,0,0,0,0,,11.2,
e4_surge,M2,load_surge,1005,,416.4,,,,,,,,,0.0,0,,0,0,0,0,,13.8,
e4_surge,M2,load_surge,1006,,506.6,,,,,,,,,0.0,0,,0,0,0,0,,14.4,
e4_surge,M2,load_surge,1007,,768.9,,,,,,,,,0.0,0,,0,0,0,0,,14.6,
e4_surge,M2,load_surge,1011,,216.8,,,,,,,,,0.0,0,,0,0,0,0,,12.5,
e4_surge,M2,load_surge,1008,,139.8,,,,,,,,,0.0,0,,0,0,0,0,,14.4,
e4_surge,M2,load_surge,1009,,1045.3,,,,,,,,,0.0,0,,0,0,0,0,,14.4,
e4_surge,M2,load_surge,1010,,650.2,,,,,,,,,0.0,0,,0,0,0,0,,14.5,
e4_surge,M2,load_surge,1012,,405.5,,,,,,,,,0.0,0,,0,0,0,0,,10.2,
e4_surge,M2,load_surge,1013,,935.1,,,,,,,,,0.0,0,,0,0,0,0,,14.5,
e4_surge,M2,load_surge,1017,,570.2,,,,,,,,,0.0,0,,0,0,0,0,,9.8,
e4_surge,M2,load_surge,1014,,635.8,,,,,,,,,0.0,0,,0,0,0,0,,14.4,
e4_surge,M2,load_surge,1015,,522.3,,,,,,,,,0.0,0,,0,0,0,0,,14.5,
e4_surge,M2,load_surge,1016,,582.3,,,,,,,,,0.0,0,,0,0,0,0,,14.5,
e4_surge,M2,load_surge,1018,,550.8,,,,,,,,,0.0,0,,0,0,0,0,,14.3,
e4_surge,M2,load_surge,1019,,988.2,,,,,,,,,0.0,0,,0,0,0,0,,14.7,
e4_surge,M2,load_surge,1020,,619.1,,,,,,,,,0.0,0,,0,0,0,0,,10.4,
e4_surge,M3,load_surge,1001,,107.9,,,,,,,,,0.0,1,,0,0,1,0,,19.3,
e4_surge,M3,load_surge,1002,,1303.8,,,,,,,,,0.0,1,,0,0,1,0,,19.7,
e4_surge,M3,load_surge,1006,,506.6,,,,,,,,,0.0,1,,0,0,1,0,,15.5,
e4_surge,M3,load_surge,1003,,824.2,,,,,,,,,0.0,1,,0,0,1,0,,19.5,
e4_surge,M3,load_surge,1004,,836.1,,,,,,,,,0.0,1,,0,0,1,0,,19.6,
e4_surge,M3,load_surge,1005,,416.4,,,,,,,,,0.0,1,,0,0,1,0,,19.4,
e4_surge,M3,load_surge,1007,,768.9,,,,,,,,,0.0,1,,0,0,1,0,,16.7,
e4_surge,M3,load_surge,1008,,139.8,,,,,,,,,0.0,1,,0,0,1,0,,15.5,
e4_surge,M3,load_surge,1012,,405.5,,,,,,,,,0.0,1,,0,0,1,0,,15.4,
e4_surge,M3,load_surge,1009,,1045.3,,,,,,,,,0.0,1,,0,0,1,0,,19.6,
e4_surge,M3,load_surge,1010,,650.2,,,,,,,,,0.0,2,,0,0,2,0,,19.7,
e4_surge,M3,load_surge,1011,,216.8,,,,,,,,,0.0,1,,0,0,1,0,,19.7,
e4_surge,M3,load_surge,1014,,635.8,,,,,,,,,0.0,1,,0,0,1,0,,17.9,
e4_surge,M3,load_surge,1013,,935.1,,,,,,,,,0.0,1,,0,0,1,0,,19.7,
e4_surge,M3,load_surge,1015,,522.3,,,,,,,,,0.0,1,,0,0,1,0,,16.1,
e4_surge,M3,load_surge,1016,,582.3,,,,,,,,,0.0,1,,0,0,1,0,,19.2,
e4_surge,M3,load_surge,1020,,619.1,,,,,,,,,0.0,1,,0,0,1,0,,15.3,
e4_sensor,M1,crah2_with_stuck_rack07,1001,,107.9,True,30.0,138.0,notified,True,True,200.0,85.694,85.694,1,0,,,1,0,2700.0,15.1,
e4_surge,M3,load_surge,1017,,570.2,,,,,,,,,0.0,1,,0,0,1,0,,19.6,
e4_sensor,M1,crah2_with_stuck_rack07,1002,,1303.8,True,30.0,1334.0,notified,True,True,1400.0,1610.246,1610.246,1,0,,,1,0,2700.0,10.0,
e4_surge,M3,load_surge,1018,,550.8,,,,,,,,,0.0,1,,0,0,1,0,,19.6,
e4_surge,M3,load_surge,1019,,988.2,,,,,,,,,0.0,1,,0,0,1,0,,19.4,
e4_sensor,M1,crah2_with_stuck_rack07,1003,,824.2,True,30.0,855.0,notified,True,True,920.0,920.34,920.34,1,0,,,1,0,2700.0,10.8,
e4_sensor,M1,crah2_with_stuck_rack07,1004,,836.1,True,30.0,867.0,notified,True,True,930.0,848.523,848.523,1,0,,,1,0,2700.0,14.2,
e4_sensor,M1,crah2_with_stuck_rack07,1005,,416.4,True,30.0,447.0,notified,True,True,520.0,432.602,432.602,1,0,,,1,0,2700.0,14.5,
e4_sensor,M1,crah2_with_stuck_rack07,1007,,768.9,True,30.0,799.0,notified,True,True,820.0,666.805,666.805,1,0,,,1,0,2700.0,13.8,
e4_sensor,M1,crah2_with_stuck_rack07,1006,,506.6,True,30.0,537.0,notified,True,True,610.0,499.063,499.063,1,0,,,1,0,2700.0,14.9,
e4_sensor,M1,crah2_with_stuck_rack07,1008,,139.8,True,30.0,170.0,notified,True,True,200.0,124.266,124.266,1,0,,,1,0,2700.0,14.8,
e4_sensor,M1,crah2_with_stuck_rack07,1009,,1045.3,True,30.0,1076.0,notified,True,True,1150.0,1278.783,1278.783,1,0,,,1,0,2700.0,14.7,
e4_sensor,M1,crah2_with_stuck_rack07,1010,,650.2,True,30.0,681.0,notified,True,True,700.0,616.333,616.333,1,0,,,1,0,2700.0,13.4,
e4_sensor,M2,crah2_with_stuck_rack07,1001,,107.9,True,30.0,30.0,mitigated,True,True,50.0,16.339,16.339,1,0,,,1,0,2700.0,14.0,
e4_sensor,M2,crah2_with_stuck_rack07,1005,,416.4,True,30.0,30.0,mitigated,True,True,100.0,20.883,20.883,1,0,,,1,0,2700.0,10.7,
e4_sensor,M2,crah2_with_stuck_rack07,1002,,1303.8,True,30.0,30.0,mitigated,True,True,60.0,16.952,16.952,1,0,,,1,0,2700.0,16.0,
e4_sensor,M2,crah2_with_stuck_rack07,1004,,836.1,True,30.0,30.0,mitigated,True,True,50.0,14.668,14.668,1,0,,,1,0,2700.0,15.6,
e4_sensor,M2,crah2_with_stuck_rack07,1003,,824.2,True,30.0,30.0,mitigated,True,True,100.0,19.638,19.638,1,0,,,1,0,2700.0,15.7,
e4_sensor,M2,crah2_with_stuck_rack07,1006,,506.6,True,30.0,30.0,mitigated,True,True,100.0,16.973,16.973,1,0,,,1,0,2700.0,15.9,
e4_sensor,M2,crah2_with_stuck_rack07,1007,,768.9,True,30.0,30.0,mitigated,True,True,60.0,16.415,16.415,1,0,,,1,0,2700.0,15.9,
e4_sensor,M2,crah2_with_stuck_rack07,1009,,1045.3,True,30.0,30.0,mitigated,True,True,50.0,16.355,16.355,1,0,,,1,0,2700.0,12.6,
e4_sensor,M2,crah2_with_stuck_rack07,1008,,139.8,True,30.0,30.0,mitigated,True,True,60.0,19.621,19.621,1,0,,,1,0,2700.0,16.0,
e4_sensor,M2,crah2_with_stuck_rack07,1010,,650.2,True,30.0,30.0,mitigated,True,True,50.0,16.272,16.272,1,0,,,1,0,2700.0,16.0,
e4_sensor,M3,crah2_with_stuck_rack07,1001,,107.9,True,30.0,30.0,mitigated,True,True,50.0,16.339,16.339,2,0,,,2,0,2700.0,17.2,
e4_sensor,M3,crah2_with_stuck_rack07,1002,,1303.8,True,30.0,30.0,mitigated,True,True,60.0,16.952,16.952,2,0,,,2,0,2700.0,21.0,
e4_sensor,M3,crah2_with_stuck_rack07,1003,,824.2,True,30.0,30.0,mitigated,True,True,100.0,19.638,19.638,2,0,,,2,0,2700.0,21.3,
e4_sensor,M3,crah2_with_stuck_rack07,1005,,416.4,True,30.0,30.0,mitigated,True,True,100.0,20.883,20.883,2,0,,,2,0,2700.0,15.6,
e4_sensor,M3,crah2_with_stuck_rack07,1004,,836.1,True,30.0,30.0,mitigated,True,True,50.0,14.668,14.668,2,0,,,2,0,2700.0,21.2,
e4_sensor,M3,crah2_with_stuck_rack07,1007,,768.9,True,30.0,30.0,mitigated,True,True,60.0,16.415,16.415,2,0,,,2,0,2700.0,16.8,
e4_sensor,M3,crah2_with_stuck_rack07,1006,,506.6,True,30.0,30.0,mitigated,True,True,100.0,16.973,16.973,2,0,,,2,0,2700.0,19.5,
e4_sensor,M3,crah2_with_stuck_rack07,1008,,139.8,True,30.0,30.0,mitigated,True,True,60.0,19.621,19.621,2,0,,,2,0,2700.0,20.3,
e4_sensor,M1,chw_with_drifting_rack12,1001,,107.9,True,280.0,388.0,notified,True,True,390.0,8.65,0.0,2,0,,,2,0,2700.0,15.4,
e4_sensor,M1,chw_with_drifting_rack12,1003,,824.2,True,290.0,1115.0,notified,True,True,1120.0,77.116,105.726,2,0,,,2,0,2700.0,10.2,
e4_sensor,M3,crah2_with_stuck_rack07,1009,,1045.3,True,30.0,30.0,mitigated,True,True,50.0,16.355,16.355,2,0,,,2,0,2700.0,21.3,
e4_sensor,M1,chw_with_drifting_rack12,1002,,1303.8,True,280.0,1584.0,notified,True,True,1590.0,124.116,206.707,2,0,,,2,0,2700.0,15.7,
e4_sensor,M3,crah2_with_stuck_rack07,1010,,650.2,True,30.0,30.0,mitigated,True,True,50.0,16.272,16.272,3,0,,,3,0,2700.0,21.3,
e4_sensor,M1,chw_with_drifting_rack12,1004,,836.1,True,290.0,1127.0,notified,True,True,1130.0,78.116,106.905,2,0,,,2,0,2700.0,15.6,
e4_sensor,M1,chw_with_drifting_rack12,1005,,416.4,True,280.0,697.0,notified,True,True,700.0,35.116,20.712,2,0,,,2,0,2700.0,15.2,
e4_sensor,M1,chw_with_drifting_rack12,1006,,506.6,True,280.0,787.0,notified,True,True,790.0,44.116,38.095,2,0,,,2,0,2700.0,12.7,
e4_sensor,M1,chw_with_drifting_rack12,1007,,768.9,True,280.0,1049.0,notified,True,True,1050.0,70.116,87.99,2,0,,,2,0,2700.0,14.6,
e4_sensor,M1,chw_with_drifting_rack12,1008,,139.8,True,290.0,430.0,notified,True,True,440.0,11.793,0.0,2,0,,,2,0,2700.0,14.9,
e4_sensor,M1,chw_with_drifting_rack12,1009,,1045.3,True,290.0,1336.0,notified,True,True,1340.0,99.116,153.344,2,0,,,2,0,2700.0,12.7,
e4_sensor,M1,chw_with_drifting_rack12,1010,,650.2,True,290.0,941.0,notified,True,True,950.0,60.116,66.842,2,0,,,2,0,2700.0,12.7,
e4_sensor,M2,chw_with_drifting_rack12,1001,,107.9,True,280.0,280.0,mitigated,True,True,290.0,3.822,0.0,2,0,,,2,0,2700.0,15.2,
e4_sensor,M2,chw_with_drifting_rack12,1003,,824.2,True,290.0,290.0,mitigated,True,True,300.0,4.217,0.0,2,0,,,2,0,2700.0,11.9,
e4_sensor,M2,chw_with_drifting_rack12,1002,,1303.8,True,280.0,280.0,mitigated,True,True,290.0,3.822,0.0,2,0,,,2,0,2700.0,15.3,
e4_sensor,M2,chw_with_drifting_rack12,1004,,836.1,True,290.0,290.0,mitigated,True,True,300.0,4.217,0.0,2,0,,,2,0,2700.0,15.3,
e4_sensor,M2,chw_with_drifting_rack12,1005,,416.4,True,280.0,280.0,mitigated,True,True,290.0,3.822,0.0,2,0,,,2,0,2700.0,15.1,
e4_sensor,M2,chw_with_drifting_rack12,1006,,506.6,True,280.0,280.0,mitigated,True,True,290.0,3.822,0.0,2,0,,,2,0,2700.0,14.8,
e4_sensor,M2,chw_with_drifting_rack12,1007,,768.9,True,280.0,280.0,mitigated,True,True,290.0,3.822,0.0,2,0,,,2,0,2700.0,15.3,
e4_sensor,M2,chw_with_drifting_rack12,1009,,1045.3,True,290.0,290.0,mitigated,True,True,300.0,4.217,0.0,2,0,,,2,0,2700.0,12.1,
e4_sensor,M2,chw_with_drifting_rack12,1008,,139.8,True,290.0,290.0,mitigated,True,True,300.0,4.217,0.0,2,0,,,2,0,2700.0,15.4,
e4_sensor,M2,chw_with_drifting_rack12,1010,,650.2,True,290.0,290.0,mitigated,True,True,300.0,4.217,0.0,2,0,,,2,0,2700.0,14.4,
e4_sensor,M3,chw_with_drifting_rack12,1003,,824.2,True,90.0,90.0,mitigated,True,True,100.0,0.006,0.0,3,0,,,3,0,2700.0,19.4,
e4_sensor,M3,chw_with_drifting_rack12,1006,,506.6,True,80.0,80.0,mitigated,False,True,0.0,0.0,0.0,3,0,,,3,0,2700.0,13.9,
e4_sensor,M3,chw_with_drifting_rack12,1001,,107.9,True,100.0,100.0,mitigated,True,True,110.0,0.032,0.0,4,0,,,4,0,2700.0,21.4,
e4_sensor,M3,chw_with_drifting_rack12,1002,,1303.8,True,90.0,90.0,mitigated,True,True,100.0,0.006,0.0,4,0,,,4,0,2700.0,22.1,
e4_sensor,M3,chw_with_drifting_rack12,1004,,836.1,True,90.0,90.0,mitigated,True,True,100.0,0.006,0.0,4,0,,,4,0,2700.0,22.1,
e4_sensor,M3,chw_with_drifting_rack12,1005,,416.4,True,90.0,90.0,mitigated,True,True,100.0,0.006,0.0,3,0,,,3,0,2700.0,21.9,
e4_sensor,M3,chw_with_drifting_rack12,1007,,768.9,True,100.0,100.0,mitigated,True,True,110.0,0.032,0.0,4,0,,,4,0,2700.0,18.1,
e4_sensor,M3,chw_with_drifting_rack12,1009,,1045.3,True,90.0,90.0,mitigated,True,True,100.0,0.006,0.0,3,0,,,3,0,2700.0,16.9,
e4_drop,M2,crah_fan_failure,1001,0.05,107.9,True,30.0,30.0,mitigated,True,True,50.0,16.339,16.339,1,0,,,1,86,2700.0,15.5,
e4_drop,M2,crah_fan_failure,1002,0.05,1303.8,True,30.0,30.0,mitigated,True,True,60.0,16.952,16.952,1,0,,,1,88,2700.0,15.0,
e4_sensor,M3,chw_with_drifting_rack12,1008,,139.8,True,100.0,100.0,mitigated,True,True,110.0,0.032,0.0,4,0,,,4,0,2700.0,21.2,
e4_drop,M2,crah_fan_failure,1003,0.05,824.2,True,150.0,150.0,mitigated,True,True,220.0,99.443,99.443,1,0,,,1,88,2700.0,15.2,
e4_sensor,M3,chw_with_drifting_rack12,1010,,650.2,True,80.0,80.0,mitigated,False,True,0.0,0.0,0.0,3,0,,,3,0,2700.0,21.4,
e4_drop,M2,crah_fan_failure,1004,0.05,836.1,True,70.0,70.0,mitigated,True,True,90.0,35.791,35.791,1,0,,,1,78,2700.0,15.4,
e4_drop,M2,crah_fan_failure,1006,0.05,506.6,True,40.0,40.0,mitigated,True,True,110.0,23.122,23.122,1,0,,,1,79,2700.0,11.3,
e4_drop,M2,crah_fan_failure,1005,0.05,416.4,True,30.0,30.0,mitigated,True,True,100.0,20.883,20.883,1,0,,,1,71,2700.0,14.1,
e4_drop,M2,crah_fan_failure,1007,0.05,768.9,True,100.0,100.0,mitigated,True,True,120.0,55.862,55.862,1,0,,,1,81,2700.0,13.9,
e4_drop,M2,crah_fan_failure,1008,0.05,139.8,True,30.0,30.0,mitigated,True,True,60.0,19.621,19.621,1,0,,,1,83,2700.0,15.3,
e4_drop,M2,crah_fan_failure,1009,0.05,1045.3,True,30.0,30.0,mitigated,True,True,50.0,16.355,16.355,1,0,,,1,78,2700.0,15.6,
e4_drop,M2,crah_fan_failure,1010,0.05,650.2,True,30.0,30.0,mitigated,True,True,50.0,16.272,16.272,1,0,,,1,72,2700.0,15.7,
e4_drop,M3,crah_fan_failure,1001,0.05,107.9,True,30.0,30.0,mitigated,True,True,50.0,16.339,16.339,1,0,,,1,86,2700.0,18.6,
e4_drop,M3,crah_fan_failure,1003,0.05,824.2,True,150.0,150.0,mitigated,True,True,220.0,99.443,99.443,1,0,,,1,88,2700.0,11.8,
e4_drop,M3,crah_fan_failure,1002,0.05,1303.8,True,30.0,30.0,mitigated,True,True,60.0,16.952,16.952,1,0,,,1,88,2700.0,18.8,
e4_drop,M3,crah_fan_failure,1004,0.05,836.1,True,70.0,70.0,mitigated,True,True,90.0,35.791,35.791,1,0,,,1,78,2700.0,19.0,
e4_drop,M3,crah_fan_failure,1009,0.05,1045.3,True,30.0,30.0,mitigated,True,True,50.0,16.355,16.355,1,0,,,1,78,2700.0,11.9,
e4_drop,M3,crah_fan_failure,1005,0.05,416.4,True,30.0,30.0,mitigated,True,True,100.0,20.883,20.883,1,0,,,1,71,2700.0,19.1,
e4_drop,M3,crah_fan_failure,1006,0.05,506.6,True,40.0,40.0,mitigated,True,True,110.0,23.122,23.122,1,0,,,1,79,2700.0,19.1,
e4_drop,M3,crah_fan_failure,1007,0.05,768.9,True,100.0,100.0,mitigated,True,True,120.0,55.862,55.862,1,0,,,1,81,2700.0,18.8,
e4_drop,M3,crah_fan_failure,1008,0.05,139.8,True,30.0,30.0,mitigated,True,True,60.0,19.621,19.621,1,0,,,1,83,2700.0,19.0,
e4_drop,M2,sensor_stuck,1001,0.05,107.9,False,,,missed,False,True,0.0,0.0,0.0,0,0,,,0,86,2700.0,13.7,
e4_drop,M2,sensor_stuck,1002,0.05,1303.8,False,,,missed,False,True,0.0,0.0,0.0,0,0,,,0,88,2700.0,11.0,
e4_drop,M2,sensor_stuck,1003,0.05,824.2,False,,,missed,False,True,0.0,0.0,0.0,0,0,,,0,88,2700.0,10.5,
e4_drop,M3,crah_fan_failure,1010,0.05,650.2,True,30.0,30.0,mitigated,True,True,50.0,16.272,16.272,2,0,,,2,72,2700.0,19.1,
e4_drop,M2,sensor_stuck,1004,0.05,836.1,False,,,missed,False,True,0.0,0.0,0.0,0,0,,,0,78,2700.0,13.8,
e4_drop,M2,sensor_stuck,1005,0.05,416.4,False,,,missed,False,True,0.0,0.0,0.0,0,0,,,0,71,2700.0,14.1,
e4_drop,M2,sensor_stuck,1006,0.05,506.6,False,,,missed,False,True,0.0,0.0,0.0,0,0,,,0,79,2700.0,12.1,
e4_drop,M2,sensor_stuck,1009,0.05,1045.3,False,,,missed,False,True,0.0,0.0,0.0,0,0,,,0,78,2700.0,11.7,
e4_drop,M2,sensor_stuck,1007,0.05,768.9,False,,,missed,False,True,0.0,0.0,0.0,0,0,,,0,81,2700.0,13.6,
e4_drop,M2,sensor_stuck,1008,0.05,139.8,False,,,missed,False,True,0.0,0.0,0.0,0,0,,,0,83,2700.0,13.6,
e4_drop,M2,sensor_stuck,1010,0.05,650.2,False,,,missed,False,True,0.0,0.0,0.0,0,0,,,0,72,2700.0,13.8,
e4_drop,M3,sensor_stuck,1003,0.05,824.2,True,150.0,150.0,mitigated,False,True,0.0,0.0,0.0,1,0,,,1,88,2700.0,13.5,
e4_drop,M3,sensor_stuck,1001,0.05,107.9,True,130.0,130.0,mitigated,False,True,0.0,0.0,0.0,1,0,,,1,86,2700.0,17.1,
e4_drop,M3,sensor_stuck,1002,0.05,1303.8,True,60.0,60.0,mitigated,False,True,0.0,0.0,0.0,1,0,,,1,88,2700.0,17.3,
e4_drop,M3,sensor_stuck,1005,0.05,416.4,True,70.0,70.0,mitigated,False,True,0.0,0.0,0.0,1,0,,,1,71,2700.0,11.9,
e4_drop,M3,sensor_stuck,1004,0.05,836.1,True,70.0,70.0,mitigated,False,True,0.0,0.0,0.0,1,0,,,1,78,2700.0,17.6,
e4_drop,M3,sensor_stuck,1006,0.05,506.6,True,70.0,70.0,mitigated,False,True,0.0,0.0,0.0,1,0,,,1,79,2700.0,17.5,
e4_drop,M3,sensor_stuck,1007,0.05,768.9,True,100.0,100.0,mitigated,False,True,0.0,0.0,0.0,1,0,,,1,81,2700.0,17.5,
e4_drop,M2,sensor_drift,1001,0.05,107.9,True,810.0,810.0,mitigated,True,True,820.0,33.389,0.0,1,0,,,1,86,2700.0,9.2,
e4_drop,M3,sensor_stuck,1009,0.05,1045.3,True,70.0,70.0,mitigated,False,True,0.0,0.0,0.0,1,0,,,1,78,2700.0,16.2,
e4_drop,M3,sensor_stuck,1008,0.05,139.8,True,70.0,70.0,mitigated,False,True,0.0,0.0,0.0,1,0,,,1,83,2700.0,17.5,
e4_drop,M3,sensor_stuck,1010,0.05,650.2,True,70.0,70.0,mitigated,False,True,0.0,0.0,0.0,2,0,,,2,72,2700.0,17.7,
e4_drop,M2,sensor_drift,1002,0.05,1303.8,True,790.0,790.0,mitigated,True,True,800.0,31.723,0.0,1,0,,,1,88,2700.0,14.0,
e4_drop,M2,sensor_drift,1005,0.05,416.4,True,790.0,790.0,mitigated,True,True,800.0,31.744,0.0,1,0,,,1,71,2700.0,10.1,
e4_drop,M2,sensor_drift,1003,0.05,824.2,True,920.0,920.0,mitigated,True,True,930.0,44.985,0.0,1,0,,,1,88,2700.0,14.1,
e4_drop,M2,sensor_drift,1004,0.05,836.1,True,790.0,790.0,mitigated,True,True,800.0,31.447,0.0,1,0,,,1,78,2700.0,14.1,
e4_drop,M2,sensor_drift,1006,0.05,506.6,True,800.0,800.0,mitigated,True,True,810.0,32.458,0.0,1,0,,,1,79,2700.0,14.0,
e4_drop,M2,sensor_drift,1007,0.05,768.9,True,840.0,840.0,mitigated,True,True,850.0,36.597,0.0,1,0,,,1,81,2700.0,14.0,
e4_drop,M2,sensor_drift,1008,0.05,139.8,True,870.0,870.0,mitigated,True,True,880.0,39.48,0.0,1,0,,,1,83,2700.0,14.2,
e4_drop,M2,sensor_drift,1009,0.05,1045.3,True,800.0,800.0,mitigated,True,True,810.0,32.693,0.0,1,0,,,1,78,2700.0,11.5,
e4_drop,M2,sensor_drift,1010,0.05,650.2,True,790.0,790.0,mitigated,True,True,800.0,31.524,0.0,1,0,,,1,72,2700.0,11.3,
e4_drop,M3,sensor_drift,1001,0.05,107.9,True,200.0,200.0,mitigated,True,True,210.0,0.509,0.0,2,0,,,2,86,2700.0,17.1,
e4_drop,M3,sensor_drift,1002,0.05,1303.8,True,120.0,120.0,mitigated,True,True,130.0,0.02,0.0,2,0,,,2,88,2700.0,17.3,
e4_drop,M3,sensor_drift,1007,0.05,768.9,True,140.0,140.0,mitigated,True,True,150.0,0.054,0.0,1,0,,,1,81,2700.0,12.0,
e4_drop,M3,sensor_drift,1003,0.05,824.2,True,220.0,220.0,mitigated,True,True,230.0,0.739,0.0,2,0,,,2,88,2700.0,17.2,
e4_drop,M3,sensor_drift,1004,0.05,836.1,True,130.0,130.0,mitigated,True,True,140.0,0.022,0.0,2,0,,,2,78,2700.0,17.6,
e4_drop,M3,sensor_drift,1005,0.05,416.4,True,180.0,180.0,mitigated,True,True,190.0,0.389,0.0,1,0,,,1,71,2700.0,17.9,
e4_drop,M3,sensor_drift,1006,0.05,506.6,True,140.0,140.0,mitigated,True,True,150.0,0.034,0.0,2,0,,,2,79,2700.0,17.6,
e4_drop,M3,sensor_drift,1008,0.05,139.8,True,140.0,140.0,mitigated,True,True,150.0,0.031,0.0,2,0,,,2,83,2700.0,15.8,
e4_drop,M3,sensor_drift,1009,0.05,1045.3,True,110.0,110.0,mitigated,True,True,120.0,0.019,0.0,1,0,,,1,78,2700.0,15.2,
e4_drop,M3,sensor_drift,1010,0.05,650.2,True,210.0,210.0,mitigated,True,True,220.0,0.665,0.0,3,0,,,3,72,2700.0,15.0,
e4_drop,M2,pump_degradation,1001,0.05,107.9,False,,,missed,True,False,,255.284,0.0,0,0,,,0,86,2700.0,13.8,
e4_drop,M2,pump_degradation,1002,0.05,1303.8,False,,,missed,True,False,,255.284,0.0,0,0,,,0,88,2700.0,13.7,
e4_drop,M2,pump_degradation,1004,0.05,836.1,False,,,missed,True,False,,255.284,0.0,0,0,,,0,78,2700.0,11.1,
e4_drop,M2,pump_degradation,1003,0.05,824.2,False,,,missed,True,False,,255.284,0.0,0,0,,,0,88,2700.0,13.5,
e4_drop,M2,pump_degradation,1006,0.05,506.6,False,,,missed,True,False,,255.284,0.0,0,0,,,0,79,2700.0,10.6,
e4_drop,M2,pump_degradation,1005,0.05,416.4,False,,,missed,True,False,,255.284,0.0,0,0,,,0,71,2700.0,13.8,
e4_drop,M2,pump_degradation,1007,0.05,768.9,False,,,missed,True,False,,255.284,0.0,0,0,,,0,81,2700.0,13.3,
e4_drop,M2,pump_degradation,1008,0.05,139.8,False,,,missed,True,False,,255.284,0.0,0,0,,,0,83,2700.0,13.8,
e4_drop,M2,pump_degradation,1010,0.05,650.2,False,,,missed,True,False,,255.284,0.0,0,0,,,0,72,2700.0,13.2,
e4_drop,M2,pump_degradation,1009,0.05,1045.3,False,,,missed,True,False,,255.284,0.0,0,0,,,0,78,2700.0,13.7,
e4_drop,M3,pump_degradation,1001,0.05,107.9,True,180.0,180.0,mitigated,False,True,0.0,0.0,0.0,2,0,,,2,86,2700.0,18.1,
e4_drop,M3,pump_degradation,1002,0.05,1303.8,True,190.0,190.0,mitigated,False,True,0.0,0.0,0.0,2,0,,,2,88,2700.0,15.4,
e4_drop,M3,pump_degradation,1004,0.05,836.1,True,200.0,200.0,mitigated,False,True,0.0,0.0,0.0,2,0,,,2,78,2700.0,12.0,
e4_drop,M3,pump_degradation,1003,0.05,824.2,True,150.0,150.0,mitigated,False,True,0.0,0.0,0.0,2,0,,,2,88,2700.0,18.3,
e4_drop,M3,pump_degradation,1007,0.05,768.9,True,180.0,180.0,mitigated,False,True,0.0,0.0,0.0,2,0,,,2,81,2700.0,17.2,
e4_drop,M3,pump_degradation,1005,0.05,416.4,True,180.0,180.0,mitigated,False,True,0.0,0.0,0.0,2,0,,,2,71,2700.0,18.8,
e4_drop,M3,pump_degradation,1006,0.05,506.6,True,180.0,180.0,mitigated,False,True,0.0,0.0,0.0,2,0,,,2,79,2700.0,18.6,
e4_drop,M3,pump_degradation,1008,0.05,139.8,True,190.0,190.0,mitigated,False,True,0.0,0.0,0.0,2,0,,,2,83,2700.0,16.2,
e4_drop,M3,pump_degradation,1009,0.05,1045.3,True,170.0,170.0,mitigated,False,True,0.0,0.0,0.0,2,0,,,2,78,2700.0,18.5,
e4_drop,M2,chw_supply_drift,1002,0.05,1303.8,True,450.0,450.0,mitigated,True,True,460.0,13.186,0.0,1,0,,,1,88,2700.0,9.6,
e4_drop,M2,chw_supply_drift,1001,0.05,107.9,True,280.0,280.0,mitigated,True,True,290.0,3.822,0.0,1,0,,,1,86,2700.0,14.5,
e4_drop,M3,pump_degradation,1010,0.05,650.2,True,240.0,240.0,mitigated,False,True,0.0,0.0,0.0,2,0,,,2,72,2700.0,17.9,
e4_drop,M2,chw_supply_drift,1003,0.05,824.2,True,290.0,290.0,mitigated,True,True,300.0,4.217,0.0,1,0,,,1,88,2700.0,12.8,
e4_drop,M2,chw_supply_drift,1004,0.05,836.1,True,290.0,290.0,mitigated,True,True,300.0,4.217,0.0,1,0,,,1,78,2700.0,14.4,
e4_drop,M2,chw_supply_drift,1005,0.05,416.4,True,280.0,280.0,mitigated,True,True,290.0,3.822,0.0,1,0,,,1,71,2700.0,14.4,
e4_drop,M2,chw_supply_drift,1006,0.05,506.6,True,280.0,280.0,mitigated,True,True,290.0,3.822,0.0,1,0,,,1,79,2700.0,14.2,
e4_drop,M2,chw_supply_drift,1007,0.05,768.9,True,280.0,280.0,mitigated,True,True,290.0,3.822,0.0,1,0,,,1,81,2700.0,13.8,
e4_drop,M2,chw_supply_drift,1010,0.05,650.2,True,350.0,350.0,mitigated,True,True,360.0,6.997,0.0,1,0,,,1,72,2700.0,10.8,
e4_drop,M2,chw_supply_drift,1008,0.05,139.8,True,290.0,290.0,mitigated,True,True,300.0,4.217,0.0,1,0,,,1,83,2700.0,14.3,
e4_drop,M2,chw_supply_drift,1009,0.05,1045.3,True,320.0,320.0,mitigated,True,True,330.0,5.52,0.0,1,0,,,1,78,2700.0,14.4,
e4_drop,M3,chw_supply_drift,1002,0.05,1303.8,True,90.0,90.0,mitigated,True,True,100.0,0.006,0.0,2,0,,,2,88,2700.0,15.3,
e4_drop,M3,chw_supply_drift,1001,0.05,107.9,True,100.0,100.0,mitigated,True,True,110.0,0.032,0.0,2,0,,,2,86,2700.0,21.2,
e4_drop,M3,chw_supply_drift,1007,0.05,768.9,True,100.0,100.0,mitigated,True,True,110.0,0.032,0.0,2,0,,,2,81,2700.0,16.9,
e4_drop,M3,chw_supply_drift,1003,0.05,824.2,True,90.0,90.0,mitigated,True,True,100.0,0.006,0.0,1,0,,,1,88,2700.0,20.7,
e4_drop,M3,chw_supply_drift,1006,0.05,506.6,True,90.0,90.0,mitigated,True,True,100.0,0.006,0.0,1,0,,,1,79,2700.0,19.7,
e4_drop,M3,chw_supply_drift,1004,0.05,836.1,True,90.0,90.0,mitigated,True,True,100.0,0.006,0.0,2,0,,,2,78,2700.0,21.3,
e4_drop,M3,chw_supply_drift,1005,0.05,416.4,True,90.0,90.0,mitigated,True,True,100.0,0.006,0.0,1,0,,,1,71,2700.0,20.6,
e4_drop,M3,chw_supply_drift,1009,0.05,1045.3,True,90.0,90.0,mitigated,True,True,100.0,0.006,0.0,1,0,,,1,78,2700.0,15.9,
e4_drop,M3,chw_supply_drift,1008,0.05,139.8,True,100.0,100.0,mitigated,True,True,110.0,0.032,0.0,2,0,,,2,83,2700.0,21.4,
e4_drop,M2,rack_hotspot,1001,0.05,107.9,True,30.0,30.0,mitigated,True,True,50.0,0.914,0.914,1,0,,,1,86,2700.0,14.1,
e4_drop,M2,rack_hotspot,1002,0.05,1303.8,True,30.0,30.0,mitigated,True,True,50.0,1.005,1.005,1,0,,,1,88,2700.0,14.0,
e4_drop,M2,rack_hotspot,1003,0.05,824.2,True,150.0,150.0,mitigated,True,True,170.0,4.167,4.167,1,0,,,1,88,2700.0,14.1,
e4_drop,M2,rack_hotspot,1004,0.05,836.1,True,70.0,70.0,mitigated,True,True,90.0,1.724,1.724,1,0,,,1,78,2700.0,14.1,
e4_drop,M3,chw_supply_drift,1010,0.05,650.2,True,80.0,80.0,mitigated,False,True,0.0,0.0,0.0,1,0,,,1,72,2700.0,19.9,
e4_drop,M2,rack_hotspot,1005,0.05,416.4,True,30.0,30.0,mitigated,True,True,190.0,1.541,1.541,1,0,,,1,71,2700.0,10.5,
e4_drop,M2,rack_hotspot,1009,0.05,1045.3,True,30.0,30.0,mitigated,True,True,50.0,0.918,0.918,1,0,,,1,78,2700.0,10.1,
e4_drop,M2,rack_hotspot,1006,0.05,506.6,True,40.0,40.0,mitigated,True,True,60.0,1.222,1.222,1,0,,,1,79,2700.0,14.3,
e4_drop,M2,rack_hotspot,1007,0.05,768.9,True,100.0,100.0,mitigated,True,True,120.0,2.504,2.504,1,0,,,1,81,2700.0,14.0,
e4_drop,M2,rack_hotspot,1008,0.05,139.8,True,30.0,30.0,mitigated,True,True,250.0,2.142,2.142,1,0,,,1,83,2700.0,14.5,
e4_drop,M2,rack_hotspot,1010,0.05,650.2,True,30.0,30.0,mitigated,True,True,50.0,0.9,0.9,1,0,,,1,72,2700.0,14.4,
e4_drop,M3,rack_hotspot,1001,0.05,107.9,True,30.0,30.0,mitigated,True,True,50.0,0.914,0.914,1,0,,,1,86,2700.0,18.0,
e4_drop,M3,rack_hotspot,1002,0.05,1303.8,True,30.0,30.0,mitigated,True,True,50.0,1.005,1.005,1,0,,,1,88,2700.0,17.9,
e4_drop,M3,rack_hotspot,1003,0.05,824.2,True,150.0,150.0,mitigated,True,True,170.0,4.167,4.167,1,0,,,1,88,2700.0,13.0,
e4_drop,M3,rack_hotspot,1004,0.05,836.1,True,70.0,70.0,mitigated,True,True,90.0,1.724,1.724,1,0,,,1,78,2700.0,15.5,
e4_drop,M3,rack_hotspot,1005,0.05,416.4,True,30.0,30.0,mitigated,True,True,190.0,1.541,1.541,1,0,,,1,71,2700.0,18.3,
e4_drop,M3,rack_hotspot,1006,0.05,506.6,True,40.0,40.0,mitigated,True,True,60.0,1.222,1.222,1,0,,,1,79,2700.0,17.8,
e4_drop,M3,rack_hotspot,1007,0.05,768.9,True,100.0,100.0,mitigated,True,True,120.0,2.504,2.504,1,0,,,1,81,2700.0,18.0,
e4_drop,M3,rack_hotspot,1008,0.05,139.8,True,30.0,30.0,mitigated,True,True,250.0,2.142,2.142,1,0,,,1,83,2700.0,15.9,
e4_drop,M3,rack_hotspot,1009,0.05,1045.3,True,30.0,30.0,mitigated,True,True,50.0,0.918,0.918,1,0,,,1,78,2700.0,15.1,
e4_drop,M2,ups_battery_overheat,1001,0.05,107.9,True,840.0,948.0,mitigated,True,True,1150.0,3.045,0.0,2,0,,,1,86,2700.0,12.8,
e4_drop,M3,rack_hotspot,1010,0.05,650.2,True,30.0,30.0,mitigated,True,True,50.0,0.9,0.9,5,0,,,5,72,2700.0,18.7,
e4_drop,M2,ups_battery_overheat,1002,0.05,1303.8,True,820.0,2124.0,mitigated,True,False,,173.973,0.0,2,0,,,1,88,2700.0,14.6,
e4_drop,M2,ups_battery_overheat,1003,0.05,824.2,True,820.0,1645.0,mitigated,True,True,2590.0,106.815,0.0,2,0,,,1,88,2700.0,14.6,
e4_drop,M2,ups_battery_overheat,1004,0.05,836.1,True,900.0,1737.0,mitigated,True,True,2640.0,97.667,0.0,2,0,,,1,78,2700.0,15.1,
e4_drop,M2,ups_battery_overheat,1006,0.05,506.6,True,720.0,1227.0,mitigated,True,True,1930.0,48.019,0.0,2,0,,,1,79,2700.0,11.7,
e4_drop,M2,ups_battery_overheat,1008,0.05,139.8,True,890.0,1030.0,mitigated,True,True,1260.0,4.5,0.0,2,0,,,1,83,2700.0,9.8,
e4_drop,M2,ups_battery_overheat,1005,0.05,416.4,True,800.0,1217.0,mitigated,True,True,1810.0,34.869,0.0,2,0,,,1,71,2700.0,14.5,
e4_drop,M2,ups_battery_overheat,1007,0.05,768.9,True,900.0,1669.0,mitigated,True,True,2500.0,77.218,0.0,2,0,,,1,81,2700.0,14.6,
e4_drop,M2,ups_battery_overheat,1009,0.05,1045.3,True,780.0,1826.0,mitigated,True,False,,160.992,0.0,2,0,,,1,78,2700.0,11.9,
e4_drop,M2,ups_battery_overheat,1010,0.05,650.2,True,1000.0,1651.0,mitigated,True,True,2230.0,38.579,0.0,2,0,,,1,72,2700.0,14.5,
e4_drop,M3,ups_battery_overheat,1001,0.05,107.9,True,90.0,198.0,mitigated,False,True,0.0,0.0,0.0,3,0,,,2,86,2700.0,18.1,
e4_drop,M3,ups_battery_overheat,1002,0.05,1303.8,True,80.0,1384.0,mitigated,True,True,2080.0,49.109,0.0,2,0,,,1,88,2700.0,17.5,
e4_drop,M3,ups_battery_overheat,1003,0.05,824.2,True,80.0,905.0,mitigated,True,True,1190.0,6.485,0.0,2,0,,,1,88,2700.0,15.0,
e4_drop,M3,ups_battery_overheat,1004,0.05,836.1,True,80.0,917.0,mitigated,True,True,1090.0,2.301,0.0,3,0,,,2,78,2700.0,17.9,
e4_drop,M3,ups_battery_overheat,1005,0.05,416.4,True,80.0,497.0,mitigated,False,True,0.0,0.0,0.0,2,0,,,1,71,2700.0,18.0,
e4_drop,M3,ups_battery_overheat,1006,0.05,506.6,True,90.0,597.0,mitigated,False,True,0.0,0.0,0.0,3,0,,,2,79,2700.0,15.3,
e4_drop,M3,ups_battery_overheat,1007,0.05,768.9,True,70.0,839.0,mitigated,False,True,0.0,0.0,0.0,2,0,,,1,81,2700.0,17.9,
e4_drop,M2,pdu_overload,1001,0.05,107.9,True,80.0,188.0,mitigated,True,True,190.0,19.615,0.0,2,0,,,1,86,2700.0,11.2,
e4_drop,M3,ups_battery_overheat,1010,0.05,650.2,True,80.0,731.0,mitigated,False,True,0.0,0.0,0.0,3,0,,,2,72,2700.0,14.9,
e4_drop,M3,ups_battery_overheat,1008,0.05,139.8,True,100.0,240.0,mitigated,False,True,0.0,0.0,0.0,3,0,,,2,83,2700.0,17.0,
e4_drop,M3,ups_battery_overheat,1009,0.05,1045.3,True,80.0,1126.0,mitigated,True,True,1690.0,27.412,0.0,3,0,,,2,78,2700.0,17.9,
e4_drop,M2,pdu_overload,1002,0.05,1303.8,True,40.0,1344.0,mitigated,True,True,1350.0,153.462,0.0,2,0,,,1,88,2700.0,14.2,
e4_drop,M2,pdu_overload,1003,0.05,824.2,True,90.0,915.0,mitigated,True,True,920.0,103.846,0.0,2,0,,,1,88,2700.0,14.4,
e4_drop,M2,pdu_overload,1005,0.05,416.4,True,40.0,457.0,mitigated,True,True,460.0,50.769,0.0,2,0,,,1,71,2700.0,9.6,
e4_drop,M2,pdu_overload,1004,0.05,836.1,True,30.0,867.0,mitigated,True,True,870.0,98.077,0.0,2,0,,,1,78,2700.0,14.3,
e4_drop,M2,pdu_overload,1006,0.05,506.6,True,70.0,577.0,mitigated,True,True,580.0,65.769,0.0,2,0,,,1,79,2700.0,14.4,
e4_drop,M2,pdu_overload,1007,0.05,768.9,True,40.0,809.0,mitigated,True,True,820.0,91.667,0.0,2,0,,,1,81,2700.0,14.3,
e4_drop,M2,pdu_overload,1008,0.05,139.8,True,40.0,180.0,mitigated,True,True,190.0,19.615,0.0,2,0,,,1,83,2700.0,13.9,
e4_drop,M2,pdu_overload,1009,0.05,1045.3,True,40.0,1086.0,mitigated,True,True,1090.0,123.462,0.0,2,0,,,1,78,2700.0,14.4,
e4_drop,M2,pdu_overload,1010,0.05,650.2,True,100.0,751.0,mitigated,True,True,760.0,85.385,0.0,2,0,,,1,72,2700.0,14.4,
e4_drop,M3,pdu_overload,1001,0.05,107.9,True,80.0,188.0,mitigated,True,True,190.0,19.615,0.0,2,0,,,1,86,2700.0,15.9,
e4_drop,M3,pdu_overload,1002,0.05,1303.8,True,30.0,1334.0,mitigated,True,True,1340.0,152.308,0.0,2,0,,,1,88,2700.0,15.5,
e4_drop,M3,pdu_overload,1003,0.05,824.2,True,90.0,915.0,mitigated,True,True,920.0,103.846,0.0,2,0,,,1,88,2700.0,14.1,
e4_drop,M3,pdu_overload,1005,0.05,416.4,True,30.0,447.0,mitigated,True,True,450.0,49.615,0.0,2,0,,,1,71,2700.0,15.8,
e4_drop,M3,pdu_overload,1004,0.05,836.1,True,30.0,867.0,mitigated,True,True,870.0,98.077,0.0,2,0,,,1,78,2700.0,17.2,
e4_drop,M3,pdu_overload,1006,0.05,506.6,True,70.0,577.0,mitigated,True,True,580.0,65.769,0.0,2,0,,,1,79,2700.0,17.9,
e4_drop,M3,pdu_overload,1007,0.05,768.9,True,30.0,799.0,mitigated,True,True,810.0,90.513,0.0,2,0,,,1,81,2700.0,17.8,
e4_drop,M3,pdu_overload,1008,0.05,139.8,True,30.0,170.0,mitigated,True,True,180.0,18.462,0.0,3,0,,,2,83,2700.0,18.1,
e4_drop,M2,crah_fan_failure,1002,0.1,1303.8,True,270.0,270.0,mitigated,True,True,340.0,211.761,211.761,1,0,,,1,177,2700.0,10.6,
e4_drop,M3,pdu_overload,1009,0.05,1045.3,True,30.0,1076.0,mitigated,True,True,1080.0,122.308,0.0,2,0,,,1,78,2700.0,17.8,
e4_drop,M3,pdu_overload,1010,0.05,650.2,True,100.0,751.0,mitigated,True,True,760.0,85.385,0.0,3,0,,,2,72,2700.0,16.5,
e4_drop,M2,crah_fan_failure,1001,0.1,107.9,True,130.0,130.0,mitigated,True,True,200.0,80.017,80.017,1,0,,,1,152,2700.0,15.1,
e4_drop,M2,crah_fan_failure,1003,0.1,824.2,True,150.0,150.0,mitigated,True,True,220.0,99.443,99.443,1,0,,,1,160,2700.0,11.0,
e4_drop,M2,crah_fan_failure,1004,0.1,836.1,True,70.0,70.0,mitigated,True,True,90.0,35.791,35.791,1,0,,,1,153,2700.0,15.0,
e4_drop,M2,crah_fan_failure,1005,0.1,416.4,True,40.0,40.0,mitigated,True,True,110.0,27.26,27.26,1,0,,,1,147,2700.0,14.9,
e4_drop,M2,crah_fan_failure,1007,0.1,768.9,True,150.0,150.0,mitigated,True,True,170.0,89.022,89.022,1,0,,,1,151,2700.0,13.1,
e4_drop,M2,crah_fan_failure,1006,0.1,506.6,True,40.0,40.0,mitigated,True,True,110.0,23.122,23.122,1,0,,,1,148,2700.0,15.1,
e4_drop,M2,crah_fan_failure,1008,0.1,139.8,True,30.0,30.0,mitigated,True,True,60.0,19.621,19.621,1,0,,,1,161,2700.0,14.8,
e4_drop,M2,crah_fan_failure,1009,0.1,1045.3,True,30.0,30.0,mitigated,True,True,50.0,16.355,16.355,1,0,,,1,161,2700.0,13.0,
e4_drop,M2,crah_fan_failure,1010,0.1,650.2,True,230.0,230.0,mitigated,True,True,250.0,161.333,161.333,1,0,,,1,159,2700.0,12.5,
e4_drop,M3,crah_fan_failure,1001,0.1,107.9,True,130.0,130.0,mitigated,True,True,200.0,80.017,80.017,1,0,,,1,152,2700.0,17.2,
e4_drop,M3,crah_fan_failure,1003,0.1,824.2,True,150.0,150.0,mitigated,True,True,220.0,99.443,99.443,1,0,,,1,160,2700.0,16.0,
e4_drop,M3,crah_fan_failure,1005,0.1,416.4,True,40.0,40.0,mitigated,True,True,110.0,27.26,27.26,1,0,,,1,147,2700.0,14.1,
e4_drop,M3,crah_fan_failure,1002,0.1,1303.8,True,270.0,270.0,mitigated,True,True,340.0,211.761,211.761,1,0,,,1,177,2700.0,17.2,
e4_drop,M3,crah_fan_failure,1004,0.1,836.1,True,70.0,70.0,mitigated,True,True,90.0,35.791,35.791,1,0,,,1,153,2700.0,17.1,
e4_drop,M3,crah_fan_failure,1006,0.1,506.6,True,40.0,40.0,mitigated,True,True,110.0,23.122,23.122,1,0,,,1,148,2700.0,16.2,
e4_drop,M3,crah_fan_failure,1007,0.1,768.9,True,150.0,150.0,mitigated,True,True,170.0,89.022,89.022,1,0,,,1,151,2700.0,15.4,
e4_drop,M3,crah_fan_failure,1008,0.1,139.8,True,30.0,30.0,mitigated,True,True,60.0,19.621,19.621,1,0,,,1,161,2700.0,15.1,
e4_drop,M2,sensor_stuck,1003,0.1,824.2,False,,,missed,False,True,0.0,0.0,0.0,0,0,,,0,160,2700.0,10.6,
e4_drop,M2,sensor_stuck,1001,0.1,107.9,False,,,missed,False,True,0.0,0.0,0.0,0,0,,,0,152,2700.0,13.2,
e4_drop,M2,sensor_stuck,1002,0.1,1303.8,False,,,missed,False,True,0.0,0.0,0.0,0,0,,,0,177,2700.0,13.2,
e4_drop,M3,crah_fan_failure,1009,0.1,1045.3,True,30.0,30.0,mitigated,True,True,50.0,16.355,16.355,1,0,,,1,161,2700.0,15.7,
e4_drop,M2,sensor_stuck,1004,0.1,836.1,False,,,missed,False,True,0.0,0.0,0.0,0,0,,,0,153,2700.0,13.2,
e4_drop,M3,crah_fan_failure,1010,0.1,650.2,True,230.0,230.0,mitigated,True,True,250.0,161.333,161.333,2,0,,,2,159,2700.0,17.3,
e4_drop,M2,sensor_stuck,1005,0.1,416.4,False,,,missed,False,True,0.0,0.0,0.0,0,0,,,0,147,2700.0,10.3,
e4_drop,M2,sensor_stuck,1010,0.1,650.2,False,,,missed,False,True,0.0,0.0,0.0,0,0,,,0,159,2700.0,9.3,
e4_drop,M2,sensor_stuck,1006,0.1,506.6,False,,,missed,False,True,0.0,0.0,0.0,0,0,,,0,148,2700.0,13.1,
e4_drop,M2,sensor_stuck,1007,0.1,768.9,False,,,missed,False,True,0.0,0.0,0.0,0,0,,,0,151,2700.0,13.1,
e4_drop,M2,sensor_stuck,1008,0.1,139.8,False,,,missed,False,True,0.0,0.0,0.0,0,0,,,0,161,2700.0,13.3,
e4_drop,M2,sensor_stuck,1009,0.1,1045.3,False,,,missed,False,True,0.0,0.0,0.0,0,0,,,0,161,2700.0,13.0,
e4_drop,M3,sensor_stuck,1001,0.1,107.9,True,130.0,130.0,mitigated,False,True,0.0,0.0,0.0,1,0,,,1,152,2700.0,15.8,
e4_drop,M3,sensor_stuck,1002,0.1,1303.8,True,270.0,270.0,mitigated,False,True,0.0,0.0,0.0,1,0,,,1,177,2700.0,14.8,
e4_drop,M3,sensor_stuck,1004,0.1,836.1,True,70.0,70.0,mitigated,False,True,0.0,0.0,0.0,1,0,,,1,153,2700.0,11.4,
e4_drop,M3,sensor_stuck,1003,0.1,824.2,True,150.0,150.0,mitigated,False,True,0.0,0.0,0.0,1,0,,,1,160,2700.0,14.6,
e4_drop,M3,sensor_stuck,1005,0.1,416.4,True,70.0,70.0,mitigated,False,True,0.0,0.0,0.0,1,0,,,1,147,2700.0,14.2,
e4_drop,M3,sensor_stuck,1007,0.1,768.9,True,150.0,150.0,mitigated,False,True,0.0,0.0,0.0,1,0,,,1,151,2700.0,15.7,
e4_drop,M3,sensor_stuck,1006,0.1,506.6,True,70.0,70.0,mitigated,False,True,0.0,0.0,0.0,1,0,,,1,148,2700.0,16.1,
e4_drop,M3,sensor_stuck,1008,0.1,139.8,True,70.0,70.0,mitigated,False,True,0.0,0.0,0.0,1,0,,,1,161,2700.0,15.9,
e4_drop,M2,sensor_drift,1002,0.1,1303.8,True,870.0,870.0,mitigated,True,True,880.0,39.673,0.0,1,0,,,1,177,2700.0,8.9,
e4_drop,M3,sensor_stuck,1009,0.1,1045.3,True,130.0,130.0,mitigated,False,True,0.0,0.0,0.0,1,0,,,1,161,2700.0,15.6,
e4_drop,M2,sensor_drift,1001,0.1,107.9,True,810.0,810.0,mitigated,True,True,820.0,33.389,0.0,1,0,,,1,152,2700.0,13.5,
e4_drop,M3,sensor_stuck,1010,0.1,650.2,True,230.0,230.0,mitigated,False,True,0.0,0.0,0.0,2,0,,,2,159,2700.0,16.0,
e4_drop,M2,sensor_drift,1003,0.1,824.2,True,920.0,920.0,mitigated,True,True,930.0,44.985,0.0,1,0,,,1,160,2700.0,13.5,
e4_drop,M2,sensor_drift,1004,0.1,836.1,True,850.0,850.0,mitigated,True,True,860.0,37.321,0.0,1,0,,,1,153,2700.0,13.6,
e4_drop,M2,sensor_drift,1006,0.1,506.6,True,800.0,800.0,mitigated,True,True,810.0,32.458,0.0,1,0,,,1,148,2700.0,9.6,
e4_drop,M2,sensor_drift,1005,0.1,416.4,True,950.0,950.0,mitigated,True,True,960.0,48.52,0.0,1,0,,,1,147,2700.0,13.6,
e4_drop,M2,sensor_drift,1007,0.1,768.9,True,840.0,840.0,mitigated,True,True,850.0,36.597,0.0,1,0,,,1,151,2700.0,10.9,
e4_drop,M2,sensor_drift,1008,0.1,139.8,True,870.0,870.0,mitigated,True,True,880.0,39.48,0.0,1,0,,,1,161,2700.0,13.3,
e4_drop,M2,sensor_drift,1009,0.1,1045.3,True,800.0,800.0,mitigated,True,True,810.0,32.693,0.0,1,0,,,1,161,2700.0,13.4,
e4_drop,M2,sensor_drift,1010,0.1,650.2,True,810.0,810.0,mitigated,True,True,820.0,33.421,0.0,1,0,,,1,159,2700.0,12.9,
e4_drop,M3,sensor_drift,1001,0.1,107.9,True,200.0,200.0,mitigated,True,True,210.0,0.509,0.0,2,0,,,2,152,2700.0,15.9,
e4_drop,M3,sensor_drift,1002,0.1,1303.8,True,120.0,120.0,mitigated,True,True,130.0,0.02,0.0,2,0,,,2,177,2700.0,14.1,
e4_drop,M3,sensor_drift,1004,0.1,836.1,True,130.0,130.0,mitigated,True,True,140.0,0.022,0.0,2,0,,,2,153,2700.0,13.3,
e4_drop,M3,sensor_drift,1003,0.1,824.2,True,330.0,330.0,mitigated,True,True,340.0,3.189,0.0,2,0,,,2,160,2700.0,15.6,
e4_drop,M3,sensor_drift,1005,0.1,416.4,True,180.0,180.0,mitigated,True,True,190.0,0.389,0.0,1,0,,,1,147,2700.0,14.2,
e4_drop,M3,sensor_drift,1006,0.1,506.6,True,140.0,140.0,mitigated,True,True,150.0,0.034,0.0,2,0,,,2,148,2700.0,15.6,
e4_drop,M3,sensor_drift,1007,0.1,768.9,True,140.0,140.0,mitigated,True,True,150.0,0.054,0.0,1,0,,,1,151,2700.0,12.8,
e4_drop,M3,sensor_drift,1009,0.1,1045.3,True,110.0,110.0,mitigated,True,True,120.0,0.019,0.0,1,0,,,1,161,2700.0,14.5,
e4_drop,M3,sensor_drift,1008,0.1,139.8,True,300.0,300.0,mitigated,True,True,310.0,2.523,0.0,2,0,,,2,161,2700.0,15.4,
e4_drop,M2,pump_degradation,1001,0.1,107.9,False,,,missed,True,False,,255.284,0.0,0,0,,,0,152,2700.0,13.3,
e4_drop,M3,sensor_drift,1010,0.1,650.2,True,210.0,210.0,mitigated,True,True,220.0,0.665,0.0,2,0,,,2,159,2700.0,16.1,
e4_drop,M2,pump_degradation,1004,0.1,836.1,False,,,missed,True,False,,255.284,0.0,0,0,,,0,153,2700.0,10.7,
e4_drop,M2,pump_degradation,1002,0.1,1303.8,False,,,missed,True,False,,255.284,0.0,0,0,,,0,177,2700.0,13.2,
e4_drop,M2,pump_degradation,1003,0.1,824.2,False,,,missed,True,False,,255.284,0.0,0,0,,,0,160,2700.0,13.1,
e4_drop,M2,pump_degradation,1006,0.1,506.6,False,,,missed,True,False,,255.284,0.0,0,0,,,0,148,2700.0,8.8,
e4_drop,M2,pump_degradation,1005,0.1,416.4,False,,,missed,True,False,,255.284,0.0,0,0,,,0,147,2700.0,13.4,
e4_drop,M2,pump_degradation,1007,0.1,768.9,False,,,missed,True,False,,255.284,0.0,0,0,,,0,151,2700.0,13.2,
e4_drop,M2,pump_degradation,1009,0.1,1045.3,False,,,missed,True,False,,255.284,0.0,0,0,,,0,161,2700.0,11.5,
e4_drop,M2,pump_degradation,1008,0.1,139.8,False,,,missed,True,False,,255.284,0.0,0,0,,,0,161,2700.0,13.1,
e4_drop,M2,pump_degradation,1010,0.1,650.2,False,,,missed,True,False,,255.284,0.0,0,0,,,0,159,2700.0,13.2,
e4_drop,M3,pump_degradation,1001,0.1,107.9,True,300.0,300.0,mitigated,False,True,0.0,0.0,0.0,2,0,,,2,152,2700.0,14.5,
e4_drop,M3,pump_degradation,1002,0.1,1303.8,True,210.0,210.0,mitigated,False,True,0.0,0.0,0.0,2,0,,,2,177,2700.0,16.8,
e4_drop,M3,pump_degradation,1003,0.1,824.2,True,150.0,150.0,mitigated,False,True,0.0,0.0,0.0,2,0,,,2,160,2700.0,16.3,
e4_drop,M3,pump_degradation,1007,0.1,768.9,True,180.0,180.0,mitigated,False,True,0.0,0.0,0.0,2,0,,,2,151,2700.0,12.0,
e4_drop,M3,pump_degradation,1004,0.1,836.1,True,200.0,200.0,mitigated,False,True,0.0,0.0,0.0,2,0,,,2,153,2700.0,15.3,
e4_drop,M3,pump_degradation,1006,0.1,506.6,True,180.0,180.0,mitigated,False,True,0.0,0.0,0.0,2,0,,,2,148,2700.0,16.5,
e4_drop,M3,pump_degradation,1005,0.1,416.4,True,180.0,180.0,mitigated,False,True,0.0,0.0,0.0,1,0,,,1,147,2700.0,16.8,
e4_drop,M3,pump_degradation,1008,0.1,139.8,True,220.0,220.0,mitigated,False,True,0.0,0.0,0.0,1,0,,,1,161,2700.0,16.2,
e4_drop,M2,chw_supply_drift,1002,0.1,1303.8,True,450.0,450.0,mitigated,True,True,460.0,13.186,0.0,1,0,,,1,177,2700.0,9.1,
e4_drop,M3,pump_degradation,1009,0.1,1045.3,True,170.0,170.0,mitigated,False,True,0.0,0.0,0.0,2,0,,,2,161,2700.0,16.7,
e4_drop,M2,chw_supply_drift,1001,0.1,107.9,True,300.0,300.0,mitigated,True,True,310.0,4.632,0.0,1,0,,,1,152,2700.0,13.8,
e4_drop,M2,chw_supply_drift,1003,0.1,824.2,True,390.0,390.0,mitigated,True,True,400.0,9.24,0.0,1,0,,,1,160,2700.0,11.4,
e4_drop,M3,pump_degradation,1010,0.1,650.2,True,420.0,420.0,mitigated,False,True,0.0,0.0,0.0,2,0,,,2,159,2700.0,16.9,
e4_drop,M2,chw_supply_drift,1004,0.1,836.1,True,290.0,290.0,mitigated,True,True,300.0,4.217,0.0,1,0,,,1,153,2700.0,13.6,
e4_drop,M2,chw_supply_drift,1006,0.1,506.6,True,280.0,280.0,mitigated,True,True,290.0,3.822,0.0,1,0,,,1,148,2700.0,11.4,
e4_drop,M2,chw_supply_drift,1005,0.1,416.4,True,280.0,280.0,mitigated,True,True,290.0,3.822,0.0,1,0,,,1,147,2700.0,13.8,
e4_drop,M2,chw_supply_drift,1007,0.1,768.9,True,280.0,280.0,mitigated,True,True,290.0,3.822,0.0,1,0,,,1,151,2700.0,13.8,
e4_drop,M2,chw_supply_drift,1009,0.1,1045.3,True,360.0,360.0,mitigated,True,True,370.0,7.529,0.0,1,0,,,1,161,2700.0,12.4,
e4_drop,M2,chw_supply_drift,1008,0.1,139.8,True,700.0,700.0,mitigated,True,True,710.0,36.116,21.866,2,0,,,2,161,2700.0,13.8,
e4_drop,M2,chw_supply_drift,1010,0.1,650.2,True,420.0,420.0,mitigated,True,True,430.0,11.126,0.0,1,0,,,1,159,2700.0,13.7,
e4_drop,M3,chw_supply_drift,1001,0.1,107.9,True,100.0,100.0,mitigated,True,True,110.0,0.032,0.0,2,0,,,2,152,2700.0,20.1,
e4_drop,M3,chw_supply_drift,1002,0.1,1303.8,True,90.0,90.0,mitigated,True,True,100.0,0.006,0.0,2,0,,,2,177,2700.0,16.6,
e4_drop,M3,chw_supply_drift,1003,0.1,824.2,True,90.0,90.0,mitigated,True,True,100.0,0.006,0.0,1,0,,,1,160,2700.0,17.1,
e4_drop,M3,chw_supply_drift,1006,0.1,506.6,True,90.0,90.0,mitigated,True,True,100.0,0.006,0.0,1,0,,,1,148,2700.0,14.7,
e4_drop,M3,chw_supply_drift,1005,0.1,416.4,True,90.0,90.0,mitigated,True,True,100.0,0.006,0.0,1,0,,,1,147,2700.0,18.3,
e4_drop,M3,chw_supply_drift,1004,0.1,836.1,True,90.0,90.0,mitigated,True,True,100.0,0.006,0.0,2,0,,,2,153,2700.0,20.1,
e4_drop,M3,chw_supply_drift,1007,0.1,768.9,True,100.0,100.0,mitigated,True,True,110.0,0.032,0.0,2,0,,,2,151,2700.0,19.0,
e4_drop,M3,chw_supply_drift,1009,0.1,1045.3,True,90.0,90.0,mitigated,True,True,100.0,0.006,0.0,1,0,,,1,161,2700.0,16.2,
e4_drop,M2,rack_hotspot,1001,0.1,107.9,True,130.0,130.0,mitigated,True,True,150.0,3.521,3.521,1,0,,,1,152,2700.0,12.4,
e4_drop,M3,chw_supply_drift,1008,0.1,139.8,True,100.0,100.0,mitigated,True,True,110.0,0.032,0.0,2,0,,,2,161,2700.0,19.8,
e4_drop,M3,chw_supply_drift,1010,0.1,650.2,True,80.0,80.0,mitigated,False,True,0.0,0.0,0.0,1,0,,,1,159,2700.0,18.9,
e4_drop,M2,rack_hotspot,1002,0.1,1303.8,True,270.0,270.0,mitigated,True,True,290.0,7.655,7.655,1,0,,,1,177,2700.0,13.2,
e4_drop,M2,rack_hotspot,1003,0.1,824.2,True,150.0,150.0,mitigated,True,True,170.0,4.167,4.167,1,0,,,1,160,2700.0,13.6,
e4_drop,M2,rack_hotspot,1004,0.1,836.1,True,70.0,70.0,mitigated,True,True,90.0,1.724,1.724,1,0,,,1,153,2700.0,13.5,
e4_drop,M2,rack_hotspot,1005,0.1,416.4,True,40.0,40.0,mitigated,True,True,200.0,1.838,1.838,1,0,,,1,147,2700.0,11.2,
e4_drop,M2,rack_hotspot,1006,0.1,506.6,True,40.0,40.0,mitigated,True,True,60.0,1.222,1.222,1,0,,,1,148,2700.0,10.5,
e4_drop,M2,rack_hotspot,1007,0.1,768.9,True,150.0,150.0,mitigated,True,True,170.0,3.561,3.561,1,0,,,1,151,2700.0,13.6,
e4_drop,M2,rack_hotspot,1008,0.1,139.8,True,30.0,30.0,mitigated,True,True,250.0,2.142,2.142,1,0,,,1,161,2700.0,14.0,
e4_drop,M2,rack_hotspot,1009,0.1,1045.3,True,30.0,30.0,mitigated,True,True,50.0,0.918,0.918,1,0,,,1,161,2700.0,13.6,
e4_drop,M2,rack_hotspot,1010,0.1,650.2,True,230.0,230.0,mitigated,True,True,250.0,6.106,6.106,1,0,,,1,159,2700.0,13.4,
e4_drop,M3,rack_hotspot,1003,0.1,824.2,True,150.0,150.0,mitigated,True,True,170.0,4.167,4.167,1,0,,,1,160,2700.0,10.5,
e4_drop,M3,rack_hotspot,1001,0.1,107.9,True,130.0,130.0,mitigated,True,True,150.0,3.521,3.521,1,0,,,1,152,2700.0,16.5,
e4_drop,M3,rack_hotspot,1002,0.1,1303.8,True,270.0,270.0,mitigated,True,True,290.0,7.655,7.655,1,0,,,1,177,2700.0,16.3,
e4_drop,M3,rack_hotspot,1006,0.1,506.6,True,40.0,40.0,mitigated,True,True,60.0,1.222,1.222,1,0,,,1,148,2700.0,13.4,
e4_drop,M3,rack_hotspot,1004,0.1,836.1,True,70.0,70.0,mitigated,True,True,90.0,1.724,1.724,1,0,,,1,153,2700.0,16.4,
e4_drop,M3,rack_hotspot,1005,0.1,416.4,True,40.0,40.0,mitigated,True,True,200.0,1.838,1.838,1,0,,,1,147,2700.0,16.5,
e4_drop,M3,rack_hotspot,1007,0.1,768.9,True,150.0,150.0,mitigated,True,True,170.0,3.561,3.561,1,0,,,1,151,2700.0,16.5,
e4_drop,M3,rack_hotspot,1008,0.1,139.8,True,30.0,30.0,mitigated,True,True,250.0,2.142,2.142,1,0,,,1,161,2700.0,14.7,
e4_drop,M3,rack_hotspot,1009,0.1,1045.3,True,30.0,30.0,mitigated,True,True,50.0,0.918,0.918,1,0,,,1,161,2700.0,16.3,
e4_drop,M2,ups_battery_overheat,1003,0.1,824.2,True,820.0,1645.0,mitigated,True,True,2590.0,106.815,0.0,2,0,,,1,160,2700.0,9.2,
e4_drop,M3,rack_hotspot,1010,0.1,650.2,True,230.0,230.0,mitigated,True,True,250.0,6.106,6.106,5,0,,,5,159,2700.0,16.2,
e4_drop,M2,ups_battery_overheat,1001,0.1,107.9,True,840.0,948.0,mitigated,True,True,1150.0,3.045,0.0,2,0,,,1,152,2700.0,12.9,
e4_drop,M2,ups_battery_overheat,1002,0.1,1303.8,True,820.0,2124.0,mitigated,True,False,,173.973,0.0,2,0,,,1,177,2700.0,13.5,
e4_drop,M2,ups_battery_overheat,1004,0.1,836.1,True,900.0,1737.0,mitigated,True,True,2640.0,97.667,0.0,2,0,,,1,153,2700.0,13.6,
e4_drop,M2,ups_battery_overheat,1005,0.1,416.4,True,840.0,1257.0,mitigated,True,True,1880.0,39.683,0.0,2,0,,,1,147,2700.0,13.7,
e4_drop,M2,ups_battery_overheat,1008,0.1,139.8,True,920.0,1060.0,mitigated,True,True,1320.0,5.982,0.0,2,0,,,1,161,2700.0,9.2,
e4_drop,M2,ups_battery_overheat,1006,0.1,506.6,True,720.0,1227.0,mitigated,True,True,1930.0,48.019,0.0,2,0,,,1,148,2700.0,13.8,
e4_drop,M2,ups_battery_overheat,1007,0.1,768.9,True,900.0,1669.0,mitigated,True,True,2500.0,77.218,0.0,2,0,,,1,151,2700.0,12.7,
e4_drop,M2,ups_battery_overheat,1009,0.1,1045.3,True,780.0,1826.0,mitigated,True,False,,160.992,0.0,2,0,,,1,161,2700.0,13.8,
e4_drop,M2,ups_battery_overheat,1010,0.1,650.2,True,1000.0,1651.0,mitigated,True,True,2230.0,38.579,0.0,2,0,,,1,159,2700.0,13.6,
e4_drop,M3,ups_battery_overheat,1001,0.1,107.9,True,90.0,198.0,mitigated,False,True,0.0,0.0,0.0,3,0,,,2,152,2700.0,16.1,
e4_drop,M3,ups_battery_overheat,1002,0.1,1303.8,True,80.0,1384.0,mitigated,True,True,2080.0,49.109,0.0,2,0,,,1,177,2700.0,15.7,
e4_drop,M3,ups_battery_overheat,1003,0.1,824.2,True,80.0,905.0,mitigated,True,True,1190.0,6.485,0.0,2,0,,,1,160,2700.0,15.5,
e4_drop,M3,ups_battery_overheat,1005,0.1,416.4,True,80.0,497.0,mitigated,False,True,0.0,0.0,0.0,2,0,,,1,147,2700.0,13.2,
e4_drop,M3,ups_battery_overheat,1004,0.1,836.1,True,80.0,917.0,mitigated,True,True,1090.0,2.301,0.0,3,0,,,2,153,2700.0,16.5,
e4_drop,M3,ups_battery_overheat,1006,0.1,506.6,True,90.0,597.0,mitigated,False,True,0.0,0.0,0.0,3,0,,,2,148,2700.0,14.2,
e4_drop,M3,ups_battery_overheat,1007,0.1,768.9,True,70.0,839.0,mitigated,False,True,0.0,0.0,0.0,2,0,,,1,151,2700.0,16.3,
e4_drop,M3,ups_battery_overheat,1009,0.1,1045.3,True,80.0,1126.0,mitigated,True,True,1690.0,27.412,0.0,3,0,,,2,161,2700.0,10.8,
e4_drop,M3,ups_battery_overheat,1008,0.1,139.8,True,100.0,240.0,mitigated,False,True,0.0,0.0,0.0,3,0,,,2,161,2700.0,16.3,
e4_drop,M2,pdu_overload,1002,0.1,1303.8,True,40.0,1344.0,mitigated,True,True,1350.0,153.462,0.0,2,0,,,1,177,2700.0,10.8,
e4_drop,M2,pdu_overload,1001,0.1,107.9,True,80.0,188.0,mitigated,True,True,190.0,19.615,0.0,2,0,,,1,152,2700.0,13.9,
e4_drop,M3,ups_battery_overheat,1010,0.1,650.2,True,80.0,731.0,mitigated,False,True,0.0,0.0,0.0,3,0,,,2,159,2700.0,16.1,
e4_drop,M2,pdu_overload,1003,0.1,824.2,True,90.0,915.0,mitigated,True,True,920.0,103.846,0.0,2,0,,,1,160,2700.0,13.7,
e4_drop,M2,pdu_overload,1005,0.1,416.4,True,180.0,597.0,mitigated,True,True,600.0,66.923,0.0,2,0,,,1,147,2700.0,12.7,
e4_drop,M2,pdu_overload,1004,0.1,836.1,True,30.0,867.0,mitigated,True,True,870.0,98.077,0.0,2,0,,,1,153,2700.0,13.8,
e4_drop,M2,pdu_overload,1007,0.1,768.9,True,40.0,809.0,mitigated,True,True,820.0,91.667,0.0,2,0,,,1,151,2700.0,10.0,
e4_drop,M2,pdu_overload,1006,0.1,506.6,True,70.0,577.0,mitigated,True,True,580.0,65.769,0.0,2,0,,,1,148,2700.0,13.7,
e4_drop,M2,pdu_overload,1008,0.1,139.8,True,40.0,180.0,mitigated,True,True,190.0,19.615,0.0,2,0,,,1,161,2700.0,13.9,
e4_drop,M2,pdu_overload,1009,0.1,1045.3,True,100.0,1146.0,mitigated,True,True,1150.0,130.385,0.0,2,0,,,1,161,2700.0,13.8,
e4_drop,M2,pdu_overload,1010,0.1,650.2,True,210.0,861.0,mitigated,True,True,870.0,98.077,0.0,2,0,,,1,159,2700.0,13.9,
e4_drop,M3,pdu_overload,1003,0.1,824.2,True,90.0,915.0,mitigated,True,True,920.0,103.846,0.0,2,0,,,1,160,2700.0,12.1,
e4_drop,M3,pdu_overload,1001,0.1,107.9,True,80.0,188.0,mitigated,True,True,190.0,19.615,0.0,2,0,,,1,152,2700.0,16.1,
e4_drop,M3,pdu_overload,1002,0.1,1303.8,True,30.0,1334.0,mitigated,True,True,1340.0,152.308,0.0,2,0,,,1,177,2700.0,15.9,
e4_drop,M3,pdu_overload,1005,0.1,416.4,True,180.0,597.0,mitigated,True,True,600.0,66.923,0.0,2,0,,,1,147,2700.0,14.2,
e4_drop,M3,pdu_overload,1004,0.1,836.1,True,30.0,867.0,mitigated,True,True,870.0,98.077,0.0,2,0,,,1,153,2700.0,16.2,
e4_drop,M3,pdu_overload,1007,0.1,768.9,True,30.0,799.0,mitigated,True,True,810.0,90.513,0.0,2,0,,,1,151,2700.0,12.8,
e4_drop,M3,pdu_overload,1006,0.1,506.6,True,70.0,577.0,mitigated,True,True,580.0,65.769,0.0,2,0,,,1,148,2700.0,16.2,
e4_drop,M3,pdu_overload,1008,0.1,139.8,True,30.0,170.0,mitigated,True,True,180.0,18.462,0.0,3,0,,,2,161,2700.0,14.5,
e4_drop,M3,pdu_overload,1009,0.1,1045.3,True,100.0,1146.0,mitigated,True,True,1150.0,130.385,0.0,2,0,,,1,161,2700.0,14.2,
e4_drop,M3,pdu_overload,1010,0.1,650.2,True,210.0,861.0,mitigated,True,True,870.0,98.077,0.0,3,0,,,2,159,2700.0,16.1,
e4_drop,M2,crah_fan_failure,1001,0.2,107.9,True,140.0,140.0,mitigated,True,True,210.0,87.723,87.723,1,0,,,1,312,2700.0,14.0,
e4_drop,M2,crah_fan_failure,1003,0.2,824.2,True,200.0,200.0,mitigated,True,True,270.0,143.351,143.351,1,0,,,1,331,2700.0,12.7,
e4_drop,M2,crah_fan_failure,1002,0.2,1303.8,True,1040.0,1040.0,mitigated,True,True,1110.0,1162.203,1162.203,1,0,,,1,345,2700.0,13.8,
e4_drop,M2,crah_fan_failure,1004,0.2,836.1,True,70.0,70.0,mitigated,True,True,90.0,35.791,35.791,1,0,,,1,323,2700.0,13.3,
e4_drop,M2,crah_fan_failure,1005,0.2,416.4,True,40.0,40.0,mitigated,True,True,110.0,27.26,27.26,1,0,,,1,314,2700.0,9.6,
e4_drop,M2,crah_fan_failure,1006,0.2,506.6,True,90.0,90.0,mitigated,True,True,160.0,62.464,62.464,1,0,,,1,297,2700.0,14.3,
e4_drop,M2,crah_fan_failure,1007,0.2,768.9,True,610.0,610.0,mitigated,True,True,630.0,483.534,483.534,1,0,,,1,320,2700.0,14.3,
e4_drop,M3,crah_fan_failure,1001,0.2,107.9,True,140.0,140.0,mitigated,True,True,210.0,87.723,87.723,1,0,,,1,312,2700.0,10.0,
e4_drop,M2,crah_fan_failure,1008,0.2,139.8,True,30.0,30.0,mitigated,True,True,60.0,19.621,19.621,1,0,,,1,319,2700.0,14.0,
e4_drop,M2,crah_fan_failure,1009,0.2,1045.3,True,30.0,30.0,mitigated,True,True,50.0,16.355,16.355,1,0,,,1,346,2700.0,13.9,
e4_drop,M2,crah_fan_failure,1010,0.2,650.2,True,230.0,230.0,mitigated,True,True,250.0,161.333,161.333,1,0,,,1,330,2700.0,13.9,
e4_drop,M3,crah_fan_failure,1002,0.2,1303.8,True,1040.0,1040.0,mitigated,True,True,1110.0,1162.203,1162.203,3,0,,,3,345,2700.0,15.0,
e4_drop,M3,crah_fan_failure,1005,0.2,416.4,True,40.0,40.0,mitigated,True,True,110.0,27.26,27.26,1,0,,,1,314,2700.0,9.7,
e4_drop,M3,crah_fan_failure,1003,0.2,824.2,True,200.0,200.0,mitigated,True,True,270.0,143.351,143.351,1,0,,,1,331,2700.0,14.9,
e4_drop,M3,crah_fan_failure,1004,0.2,836.1,True,70.0,70.0,mitigated,True,True,90.0,35.791,35.791,1,0,,,1,323,2700.0,14.7,
e4_drop,M3,crah_fan_failure,1006,0.2,506.6,True,90.0,90.0,mitigated,True,True,160.0,62.464,62.464,1,0,,,1,297,2700.0,15.1,
e4_drop,M3,crah_fan_failure,1007,0.2,768.9,True,610.0,610.0,mitigated,True,True,630.0,483.534,483.534,1,0,,,1,320,2700.0,15.2,
e4_drop,M3,crah_fan_failure,1008,0.2,139.8,True,30.0,30.0,mitigated,True,True,60.0,19.621,19.621,1,0,,,1,319,2700.0,15.0,
e4_drop,M3,crah_fan_failure,1010,0.2,650.2,True,230.0,230.0,mitigated,True,True,250.0,161.333,161.333,2,0,,,2,330,2700.0,9.6,
e4_drop,M3,crah_fan_failure,1009,0.2,1045.3,True,30.0,30.0,mitigated,True,True,50.0,16.355,16.355,1,0,,,1,346,2700.0,14.7,
e4_drop,M2,sensor_stuck,1001,0.2,107.9,False,,,missed,False,True,0.0,0.0,0.0,0,0,,,0,312,2700.0,12.2,
e4_drop,M2,sensor_stuck,1002,0.2,1303.8,False,,,missed,False,True,0.0,0.0,0.0,0,0,,,0,345,2700.0,12.0,
e4_drop,M2,sensor_stuck,1003,0.2,824.2,False,,,missed,False,True,0.0,0.0,0.0,0,0,,,0,331,2700.0,12.0,
e4_drop,M2,sensor_stuck,1007,0.2,768.9,False,,,missed,False,True,0.0,0.0,0.0,0,0,,,0,320,2700.0,8.6,
e4_drop,M2,sensor_stuck,1004,0.2,836.1,False,,,missed,False,True,0.0,0.0,0.0,0,0,,,0,323,2700.0,12.1,
e4_drop,M2,sensor_stuck,1005,0.2,416.4,False,,,missed,False,True,0.0,0.0,0.0,0,0,,,0,314,2700.0,12.1,
e4_drop,M2,sensor_stuck,1006,0.2,506.6,False,,,missed,False,True,0.0,0.0,0.0,0,0,,,0,297,2700.0,11.0,
e4_drop,M2,sensor_stuck,1008,0.2,139.8,False,,,missed,False,True,0.0,0.0,0.0,0,0,,,0,319,2700.0,12.2,
e4_drop,M2,sensor_stuck,1009,0.2,1045.3,False,,,missed,False,True,0.0,0.0,0.0,0,0,,,0,346,2700.0,11.5,
e4_drop,M3,sensor_stuck,1001,0.2,107.9,True,140.0,140.0,mitigated,False,True,0.0,0.0,0.0,1,0,,,1,312,2700.0,9.8,
e4_drop,M2,sensor_stuck,1010,0.2,650.2,False,,,missed,False,True,0.0,0.0,0.0,0,0,,,0,330,2700.0,11.6,
e4_drop,M3,sensor_stuck,1002,0.2,1303.8,True,1040.0,1040.0,mitigated,False,True,0.0,0.0,0.0,1,0,,,1,345,2700.0,13.2,
e4_drop,M3,sensor_stuck,1003,0.2,824.2,True,200.0,200.0,mitigated,False,True,0.0,0.0,0.0,1,0,,,1,331,2700.0,13.2,
e4_drop,M3,sensor_stuck,1004,0.2,836.1,True,70.0,70.0,mitigated,False,True,0.0,0.0,0.0,1,0,,,1,323,2700.0,13.1,
e4_drop,M3,sensor_stuck,1008,0.2,139.8,True,70.0,70.0,mitigated,False,True,0.0,0.0,0.0,1,0,,,1,319,2700.0,8.9,
e4_drop,M3,sensor_stuck,1006,0.2,506.6,True,90.0,90.0,mitigated,False,True,0.0,0.0,0.0,1,0,,,1,297,2700.0,12.3,
e4_drop,M3,sensor_stuck,1005,0.2,416.4,True,70.0,70.0,mitigated,False,True,0.0,0.0,0.0,1,0,,,1,314,2700.0,13.4,
e4_drop,M3,sensor_stuck,1007,0.2,768.9,True,610.0,610.0,mitigated,False,True,0.0,0.0,0.0,1,0,,,1,320,2700.0,13.4,
e4_drop,M2,sensor_drift,1001,0.2,107.9,True,900.0,900.0,mitigated,True,True,910.0,42.689,0.0,1,0,,,1,312,2700.0,10.2,
e4_drop,M3,sensor_stuck,1009,0.2,1045.3,True,130.0,130.0,mitigated,False,True,0.0,0.0,0.0,1,0,,,1,346,2700.0,13.1,
e4_drop,M3,sensor_stuck,1010,0.2,650.2,True,230.0,230.0,mitigated,False,True,0.0,0.0,0.0,2,0,,,2,330,2700.0,13.1,
e4_drop,M2,sensor_drift,1002,0.2,1303.8,True,1390.0,1390.0,mitigated,True,True,1400.0,112.834,0.0,1,0,,,1,345,2700.0,12.3,
e4_drop,M2,sensor_drift,1003,0.2,824.2,True,920.0,920.0,mitigated,True,True,930.0,44.985,0.0,1,0,,,1,331,2700.0,12.3,
e4_drop,M2,sensor_drift,1004,0.2,836.1,True,960.0,960.0,mitigated,True,True,970.0,49.498,0.0,1,0,,,1,323,2700.0,12.3,
e4_drop,M2,sensor_drift,1005,0.2,416.4,True,1620.0,1620.0,mitigated,True,True,1630.0,157.432,0.0,1,0,,,1,314,2700.0,10.8,
e4_drop,M2,sensor_drift,1006,0.2,506.6,True,890.0,890.0,mitigated,True,True,900.0,41.626,0.0,1,0,,,1,297,2700.0,10.4,
e4_drop,M2,sensor_drift,1007,0.2,768.9,True,870.0,870.0,mitigated,True,True,880.0,39.672,0.0,1,0,,,1,320,2700.0,11.8,
e4_drop,M2,sensor_drift,1008,0.2,139.8,True,870.0,870.0,mitigated,True,True,880.0,39.48,0.0,1,0,,,1,319,2700.0,12.0,
e4_drop,M2,sensor_drift,1010,0.2,650.2,True,870.0,870.0,mitigated,True,True,880.0,39.419,0.0,1,0,,,1,330,2700.0,10.8,
e4_drop,M3,sensor_drift,1002,0.2,1303.8,True,310.0,310.0,mitigated,True,True,320.0,2.722,0.0,1,0,,,1,345,2700.0,10.6,
e4_drop,M2,sensor_drift,1009,0.2,1045.3,True,800.0,800.0,mitigated,True,True,810.0,32.693,0.0,1,0,,,1,346,2700.0,12.3,
e4_drop,M3,sensor_drift,1001,0.2,107.9,True,240.0,240.0,mitigated,True,True,250.0,1.098,0.0,2,0,,,2,312,2700.0,13.4,
e4_drop,M3,sensor_drift,1004,0.2,836.1,True,130.0,130.0,mitigated,True,True,140.0,0.022,0.0,1,0,,,1,323,2700.0,10.3,
e4_drop,M3,sensor_drift,1003,0.2,824.2,True,330.0,330.0,mitigated,True,True,340.0,3.189,0.0,2,0,,,2,331,2700.0,13.4,
e4_drop,M3,sensor_drift,1005,0.2,416.4,True,180.0,180.0,mitigated,True,True,190.0,0.389,0.0,1,0,,,1,314,2700.0,13.4,
e4_drop,M3,sensor_drift,1009,0.2,1045.3,True,110.0,110.0,mitigated,True,True,120.0,0.019,0.0,1,0,,,1,346,2700.0,10.4,
e4_drop,M3,sensor_drift,1006,0.2,506.6,True,370.0,370.0,mitigated,True,True,380.0,4.363,0.0,1,0,,,1,297,2700.0,13.4,
e4_drop,M3,sensor_drift,1007,0.2,768.9,True,140.0,140.0,mitigated,True,True,150.0,0.054,0.0,1,0,,,1,320,2700.0,13.4,
e4_drop,M3,sensor_drift,1008,0.2,139.8,True,450.0,450.0,mitigated,True,True,460.0,7.893,0.0,1,0,,,1,319,2700.0,13.5,
e4_drop,M3,sensor_drift,1010,0.2,650.2,True,450.0,450.0,mitigated,True,True,460.0,7.697,0.0,2,0,,,2,330,2700.0,12.1,
e4_drop,M2,pump_degradation,1001,0.2,107.9,False,,,missed,True,False,,255.284,0.0,0,0,,,0,312,2700.0,12.0,
e4_drop,M2,pump_degradation,1002,0.2,1303.8,False,,,missed,True,False,,255.284,0.0,0,0,,,0,345,2700.0,9.8,
e4_drop,M2,pump_degradation,1003,0.2,824.2,False,,,missed,True,False,,255.284,0.0,0,0,,,0,331,2700.0,9.4,
e4_drop,M2,pump_degradation,1004,0.2,836.1,False,,,missed,True,False,,255.284,0.0,0,0,,,0,323,2700.0,12.0,
e4_drop,M2,pump_degradation,1005,0.2,416.4,False,,,missed,True,False,,255.284,0.0,0,0,,,0,314,2700.0,12.0,
e4_drop,M2,pump_degradation,1006,0.2,506.6,False,,,missed,True,False,,255.284,0.0,0,0,,,0,297,2700.0,12.2,
e4_drop,M2,pump_degradation,1007,0.2,768.9,False,,,missed,True,False,,255.284,0.0,0,0,,,0,320,2700.0,9.9,
e4_drop,M2,pump_degradation,1008,0.2,139.8,False,,,missed,True,False,,255.284,0.0,0,0,,,0,319,2700.0,12.1,
e4_drop,M2,pump_degradation,1009,0.2,1045.3,False,,,missed,True,False,,255.284,0.0,0,0,,,0,346,2700.0,12.0,
e4_drop,M2,pump_degradation,1010,0.2,650.2,False,,,missed,True,False,,255.284,0.0,0,0,,,0,330,2700.0,12.0,
e4_drop,M3,pump_degradation,1004,0.2,836.1,True,240.0,240.0,mitigated,False,True,0.0,0.0,0.0,1,0,,,1,323,2700.0,9.7,
e4_drop,M3,pump_degradation,1001,0.2,107.9,True,300.0,300.0,mitigated,False,True,0.0,0.0,0.0,1,0,,,1,312,2700.0,14.0,
e4_drop,M3,pump_degradation,1002,0.2,1303.8,True,930.0,930.0,mitigated,True,True,940.0,6.365,0.0,1,0,,,1,345,2700.0,13.6,
e4_drop,M3,pump_degradation,1003,0.2,824.2,True,660.0,660.0,mitigated,True,True,670.0,0.101,0.0,3,0,,,3,331,2700.0,13.7,
e4_drop,M3,pump_degradation,1006,0.2,506.6,True,280.0,280.0,mitigated,False,True,0.0,0.0,0.0,1,0,,,1,297,2700.0,11.9,
e4_drop,M3,pump_degradation,1005,0.2,416.4,True,180.0,180.0,mitigated,False,True,0.0,0.0,0.0,1,0,,,1,314,2700.0,13.2,
e4_drop,M3,pump_degradation,1007,0.2,768.9,True,280.0,280.0,mitigated,False,True,0.0,0.0,0.0,2,0,,,2,320,2700.0,14.4,
e4_drop,M3,pump_degradation,1008,0.2,139.8,True,700.0,700.0,mitigated,True,True,710.0,0.416,0.0,1,0,,,1,319,2700.0,14.1,
e4_drop,M2,chw_supply_drift,1002,0.2,1303.8,True,930.0,930.0,mitigated,True,True,940.0,59.116,67.325,1,0,,,1,345,2700.0,9.6,
e4_drop,M3,pump_degradation,1010,0.2,650.2,True,430.0,430.0,mitigated,False,True,0.0,0.0,0.0,1,0,,,1,330,2700.0,12.7,
e4_drop,M3,pump_degradation,1009,0.2,1045.3,True,370.0,370.0,mitigated,False,True,0.0,0.0,0.0,1,0,,,1,346,2700.0,13.5,
e4_drop,M2,chw_supply_drift,1001,0.2,107.9,True,300.0,300.0,mitigated,True,True,310.0,4.632,0.0,1,0,,,1,312,2700.0,12.7,
e4_drop,M2,chw_supply_drift,1003,0.2,824.2,True,660.0,660.0,mitigated,True,True,670.0,32.116,15.191,1,0,,,1,331,2700.0,12.0,
e4_drop,M2,chw_supply_drift,1004,0.2,836.1,True,1000.0,1000.0,mitigated,True,True,1010.0,66.116,81.727,1,0,,,1,323,2700.0,12.7,
e4_drop,M2,chw_supply_drift,1008,0.2,139.8,True,700.0,700.0,mitigated,True,True,710.0,36.116,21.866,2,0,,,2,319,2700.0,9.3,
e4_drop,M2,chw_supply_drift,1006,0.2,506.6,True,280.0,280.0,mitigated,True,True,290.0,3.822,0.0,1,0,,,1,297,2700.0,11.1,
e4_drop,M2,chw_supply_drift,1005,0.2,416.4,True,280.0,280.0,mitigated,True,True,290.0,3.822,0.0,1,0,,,1,314,2700.0,12.9,
e4_drop,M2,chw_supply_drift,1007,0.2,768.9,True,280.0,280.0,mitigated,True,True,290.0,3.822,0.0,1,0,,,1,320,2700.0,12.7,
e4_drop,M2,chw_supply_drift,1009,0.2,1045.3,True,370.0,370.0,mitigated,True,True,380.0,8.08,0.0,1,0,,,1,346,2700.0,12.6,
e4_drop,M2,chw_supply_drift,1010,0.2,650.2,True,430.0,430.0,mitigated,True,True,440.0,11.793,0.0,1,0,,,1,330,2700.0,12.6,
e4_drop,M3,chw_supply_drift,1002,0.2,1303.8,True,930.0,930.0,mitigated,True,True,940.0,59.116,67.325,1,0,,,1,345,2700.0,12.4,
e4_drop,M3,chw_supply_drift,1003,0.2,824.2,True,90.0,90.0,mitigated,True,True,100.0,0.006,0.0,1,0,,,1,331,2700.0,12.5,
e4_drop,M3,chw_supply_drift,1001,0.2,107.9,True,300.0,300.0,mitigated,True,True,310.0,4.632,0.0,2,0,,,2,312,2700.0,16.8,
e4_drop,M3,chw_supply_drift,1004,0.2,836.1,True,240.0,240.0,mitigated,True,True,250.0,2.436,0.0,2,0,,,2,323,2700.0,15.7,
e4_drop,M3,chw_supply_drift,1005,0.2,416.4,True,90.0,90.0,mitigated,True,True,100.0,0.006,0.0,1,0,,,1,314,2700.0,16.4,
e4_drop,M3,chw_supply_drift,1006,0.2,506.6,True,280.0,280.0,mitigated,True,True,290.0,3.822,0.0,2,0,,,2,297,2700.0,16.0,
e4_drop,M3,chw_supply_drift,1007,0.2,768.9,True,120.0,120.0,mitigated,True,True,130.0,0.142,0.0,1,0,,,1,320,2700.0,16.4,
e4_drop,M3,chw_supply_drift,1009,0.2,1045.3,True,90.0,90.0,mitigated,True,True,100.0,0.006,0.0,1,0,,,1,346,2700.0,12.5,
e4_drop,M2,rack_hotspot,1001,0.2,107.9,True,140.0,140.0,mitigated,True,True,160.0,3.778,3.778,1,0,,,1,312,2700.0,9.8,
e4_drop,M3,chw_supply_drift,1008,0.2,139.8,True,130.0,130.0,mitigated,True,True,140.0,0.226,0.0,1,0,,,1,319,2700.0,16.6,
e4_drop,M2,rack_hotspot,1002,0.2,1303.8,True,1040.0,1040.0,mitigated,True,True,1060.0,27.594,27.594,1,0,,,1,345,2700.0,12.4,
e4_drop,M2,rack_hotspot,1003,0.2,824.2,True,200.0,200.0,mitigated,True,True,220.0,5.481,5.481,1,0,,,1,331,2700.0,12.4,
e4_drop,M3,chw_supply_drift,1010,0.2,650.2,True,430.0,430.0,mitigated,True,True,440.0,11.793,0.0,3,0,,,3,330,2700.0,15.9,
e4_drop,M2,rack_hotspot,1004,0.2,836.1,True,70.0,70.0,mitigated,True,True,90.0,1.724,1.724,1,0,,,1,323,2700.0,11.8,
e4_drop,M2,rack_hotspot,1005,0.2,416.4,True,40.0,40.0,mitigated,True,True,200.0,1.838,1.838,1,0,,,1,314,2700.0,11.0,
e4_drop,M2,rack_hotspot,1006,0.2,506.6,True,90.0,90.0,mitigated,True,True,110.0,2.545,2.545,1,0,,,1,297,2700.0,11.8,
e4_drop,M2,rack_hotspot,1007,0.2,768.9,True,610.0,610.0,mitigated,True,True,620.0,12.839,12.839,1,0,,,1,320,2700.0,10.5,
e4_drop,M2,rack_hotspot,1009,0.2,1045.3,True,30.0,30.0,mitigated,True,True,50.0,0.918,0.918,1,0,,,1,346,2700.0,12.3,
e4_drop,M2,rack_hotspot,1010,0.2,650.2,True,230.0,230.0,mitigated,True,True,250.0,6.106,6.106,1,0,,,1,330,2700.0,12.3,
e4_drop,M2,rack_hotspot,1008,0.2,139.8,True,30.0,30.0,mitigated,True,True,250.0,2.142,2.142,1,0,,,1,319,2700.0,13.0,
e4_drop,M3,rack_hotspot,1001,0.2,107.9,True,140.0,140.0,mitigated,True,True,160.0,3.778,3.778,1,0,,,1,312,2700.0,12.6,
e4_drop,M3,rack_hotspot,1004,0.2,836.1,True,70.0,70.0,mitigated,True,True,90.0,1.724,1.724,1,0,,,1,323,2700.0,10.6,
e4_drop,M3,rack_hotspot,1002,0.2,1303.8,True,1040.0,1040.0,mitigated,True,True,1060.0,27.594,27.594,1,0,,,1,345,2700.0,13.6,
e4_drop,M3,rack_hotspot,1003,0.2,824.2,True,200.0,200.0,mitigated,True,True,220.0,5.481,5.481,1,0,,,1,331,2700.0,13.8,
e4_drop,M3,rack_hotspot,1008,0.2,139.8,True,30.0,30.0,mitigated,True,True,250.0,2.142,2.142,1,0,,,1,319,2700.0,9.6,
e4_drop,M3,rack_hotspot,1006,0.2,506.6,True,90.0,90.0,mitigated,True,True,110.0,2.545,2.545,1,0,,,1,297,2700.0,14.0,
e4_drop,M3,rack_hotspot,1005,0.2,416.4,True,40.0,40.0,mitigated,True,True,200.0,1.838,1.838,1,0,,,1,314,2700.0,14.1,
e4_drop,M3,rack_hotspot,1007,0.2,768.9,True,610.0,610.0,mitigated,True,True,620.0,12.839,12.839,1,0,,,1,320,2700.0,13.8,
e4_drop,M3,rack_hotspot,1009,0.2,1045.3,True,30.0,30.0,mitigated,True,True,50.0,0.918,0.918,1,0,,,1,346,2700.0,13.6,
e4_drop,M2,ups_battery_overheat,1002,0.2,1303.8,True,930.0,2234.0,mitigated,True,False,,187.317,0.0,2,0,,,1,345,2700.0,8.4,
e4_drop,M3,rack_hotspot,1010,0.2,650.2,True,230.0,230.0,mitigated,True,True,250.0,6.106,6.106,2,0,,,2,330,2700.0,13.9,
e4_drop,M2,ups_battery_overheat,1001,0.2,107.9,True,930.0,1038.0,mitigated,True,True,1360.0,8.337,0.0,2,0,,,1,312,2700.0,12.8,
e4_drop,M2,ups_battery_overheat,1003,0.2,824.2,True,840.0,1665.0,mitigated,True,True,2620.0,110.307,0.0,2,0,,,1,331,2700.0,12.2,
e4_drop,M2,ups_battery_overheat,1004,0.2,836.1,True,1000.0,1837.0,mitigated,True,False,,115.275,0.0,2,0,,,1,323,2700.0,12.7,
e4_drop,M2,ups_battery_overheat,1005,0.2,416.4,True,1040.0,1457.0,mitigated,True,True,2230.0,66.865,0.0,2,0,,,1,314,2700.0,12.6,
e4_drop,M2,ups_battery_overheat,1007,0.2,768.9,True,1290.0,2059.0,mitigated,True,False,,146.339,0.0,2,0,,,1,320,2700.0,9.6,
e4_drop,M2,ups_battery_overheat,1006,0.2,506.6,True,990.0,1497.0,mitigated,True,True,2420.0,94.982,0.0,2,0,,,1,297,2700.0,12.7,
e4_drop,M2,ups_battery_overheat,1008,0.2,139.8,True,920.0,1060.0,mitigated,True,True,1320.0,5.982,0.0,2,0,,,1,319,2700.0,12.8,
e4_drop,M2,ups_battery_overheat,1009,0.2,1045.3,True,1340.0,2386.0,mitigated,True,False,,235.391,0.0,2,0,,,1,346,2700.0,12.6,
e4_drop,M2,ups_battery_overheat,1010,0.2,650.2,True,1190.0,1841.0,mitigated,True,True,2550.0,60.934,0.0,2,0,,,1,330,2700.0,11.2,
e4_drop,M3,ups_battery_overheat,1003,0.2,824.2,True,80.0,905.0,mitigated,True,True,1190.0,6.485,0.0,2,0,,,1,331,2700.0,9.9,
e4_drop,M3,ups_battery_overheat,1002,0.2,1303.8,True,930.0,2234.0,mitigated,True,False,,187.317,0.0,2,0,,,1,345,2700.0,12.4,
e4_drop,M3,ups_battery_overheat,1001,0.2,107.9,True,300.0,408.0,mitigated,False,True,0.0,0.0,0.0,3,0,,,2,312,2700.0,13.8,
e4_drop,M3,ups_battery_overheat,1006,0.2,506.6,True,280.0,787.0,mitigated,True,True,940.0,1.719,0.0,2,0,,,1,297,2700.0,11.9,
e4_drop,M3,ups_battery_overheat,1004,0.2,836.1,True,80.0,917.0,mitigated,True,True,1090.0,2.301,0.0,3,0,,,2,323,2700.0,14.0,
e4_drop,M3,ups_battery_overheat,1005,0.2,416.4,True,80.0,497.0,mitigated,False,True,0.0,0.0,0.0,2,0,,,1,314,2700.0,13.8,
e4_drop,M3,ups_battery_overheat,1007,0.2,768.9,True,120.0,889.0,mitigated,True,True,940.0,0.171,0.0,2,0,,,1,320,2700.0,13.8,
e4_drop,M3,ups_battery_overheat,1008,0.2,139.8,True,130.0,270.0,mitigated,False,True,0.0,0.0,0.0,2,0,,,1,319,2700.0,12.6,
e4_drop,M3,ups_battery_overheat,1009,0.2,1045.3,True,80.0,1126.0,mitigated,True,True,1690.0,27.412,0.0,3,0,,,2,346,2700.0,13.6,
e4_drop,M3,ups_battery_overheat,1010,0.2,650.2,True,430.0,1081.0,mitigated,True,True,1200.0,1.135,0.0,3,0,,,2,330,2700.0,13.7,
e4_drop,M2,pdu_overload,1001,0.2,107.9,True,100.0,208.0,mitigated,True,True,210.0,21.923,0.0,2,0,,,1,312,2700.0,9.9,
e4_drop,M2,pdu_overload,1003,0.2,824.2,True,90.0,915.0,mitigated,True,True,920.0,103.846,0.0,2,0,,,1,331,2700.0,10.3,
e4_drop,M2,pdu_overload,1002,0.2,1303.8,True,40.0,1344.0,mitigated,True,True,1350.0,153.462,0.0,2,0,,,1,345,2700.0,12.6,
e4_drop,M2,pdu_overload,1004,0.2,836.1,True,130.0,967.0,mitigated,True,True,970.0,109.615,0.0,2,0,,,1,323,2700.0,11.9,
e4_drop,M2,pdu_overload,1005,0.2,416.4,True,180.0,597.0,mitigated,True,True,600.0,66.923,0.0,2,0,,,1,314,2700.0,12.6,
e4_drop,M2,pdu_overload,1006,0.2,506.6,True,370.0,877.0,mitigated,True,True,880.0,100.385,0.0,2,0,,,1,297,2700.0,12.7,
e4_drop,M2,pdu_overload,1007,0.2,768.9,True,40.0,809.0,mitigated,True,True,820.0,91.667,0.0,2,0,,,1,320,2700.0,11.7,
e4_drop,M2,pdu_overload,1009,0.2,1045.3,True,100.0,1146.0,mitigated,True,True,1150.0,130.385,0.0,2,0,,,1,346,2700.0,11.2,
e4_drop,M2,pdu_overload,1008,0.2,139.8,True,40.0,180.0,mitigated,True,True,190.0,19.615,0.0,2,0,,,1,319,2700.0,12.7,
e4_drop,M2,pdu_overload,1010,0.2,650.2,True,450.0,1101.0,mitigated,True,True,1110.0,125.769,0.0,2,0,,,1,330,2700.0,11.2,
e4_drop,M3,pdu_overload,1001,0.2,107.9,True,100.0,208.0,mitigated,True,True,210.0,21.923,0.0,2,0,,,1,312,2700.0,12.0,
e4_drop,M3,pdu_overload,1002,0.2,1303.8,True,30.0,1334.0,mitigated,True,True,1340.0,152.308,0.0,2,0,,,1,345,2700.0,13.5,
e4_drop,M3,pdu_overload,1007,0.2,768.9,True,30.0,799.0,mitigated,True,True,810.0,90.513,0.0,2,0,,,1,320,2700.0,9.0,
e4_drop,M3,pdu_overload,1003,0.2,824.2,True,90.0,915.0,mitigated,True,True,920.0,103.846,0.0,2,0,,,1,331,2700.0,13.7,
e4_drop,M3,pdu_overload,1004,0.2,836.1,True,130.0,967.0,mitigated,True,True,970.0,109.615,0.0,2,0,,,1,323,2700.0,13.9,
e4_drop,M3,pdu_overload,1005,0.2,416.4,True,180.0,597.0,mitigated,True,True,600.0,66.923,0.0,2,0,,,1,314,2700.0,13.1,
e4_drop,M3,pdu_overload,1006,0.2,506.6,True,370.0,877.0,mitigated,True,True,880.0,100.385,0.0,2,0,,,1,297,2700.0,13.5,
e4_drop,M3,pdu_overload,1008,0.2,139.8,True,30.0,170.0,mitigated,True,True,180.0,18.462,0.0,3,0,,,2,319,2700.0,11.2,
e4_drop,M3,pdu_overload,1009,0.2,1045.3,True,100.0,1146.0,mitigated,True,True,1150.0,130.385,0.0,2,0,,,1,346,2700.0,9.8,
e4_drop,M3,pdu_overload,1010,0.2,650.2,True,450.0,1101.0,mitigated,True,True,1110.0,125.769,0.0,3,0,,,2,330,2700.0,8.8,
